actor_id,1,2,3,4,5,6,7,8,9,10,11,12,13,14,15,16,17,18,19,20,21,22,23,24,25,26,27,28,29,30,31,32,33,34,35,36,37,38,39,40,41,42,43,44,45,46,47,48,49,50,51,52,53,54,55,56,57,58,59,60,61,62,63,64,65,66,67,68,69,70,71,72,73,74,75,76,77,78,79,80,81,82,83,84,85,86,87,88,89,90,91,92,93,94,95,96,97,98,99,100,101,102,103,104,105,106,107,108,109,110,111,112,113,114,115,116,117,118,119,120,121,122,123,124,125,126,127,128,129,130,131,132,133,134,135,136,137,138,139,140,141,142,143,144,145,146,147,148,149,150,151,152,153,154,155,156,157,158,159,160,161,162,163,164,165,166,167,168,169,170,171,172,173,174,175,176,177,178,179,180,181,182,183,184,185,186,187,188,189,190,191,192,193,194,195,196,197,198,199,200
1,-,0,0,8,0,4,2,0,0,4,0,2,2,2,2,2,0,0,0,6,0,2,0,4,0,2,0,0,0,2,0,2,0,2,0,2,2,0,0,2,0,0,2,0,0,2,2,2,4,0,0,0,4,2,0,0,2,2,2,0,2,0,0,6,2,2,0,0,0,0,0,0,0,0,0,0,4,0,0,0,0,0,0,0,0,0,0,0,2,0,4,0,0,0,0,2,0,0,0,0,2,4,0,2,0,2,2,2,0,0,0,0,0,0,4,2,0,2,4,0,0,2,0,2,2,0,4,0,2,0,0,0,2,0,0,2,2,2,2,2,0,0,2,0,0,0,0,0,0,2,0,0,0,0,2,0,0,0,0,0,2,2,2,4,2,4,2,2,0,0,2,0,2,0,0,0,0,0,0,2,0,0,0,0,0,0,4,4,2,0,0,4,0,0,2,4,0,4,0,0
2,0,-,0,0,4,0,0,6,2,0,2,2,0,0,2,0,0,4,2,0,2,4,4,2,2,0,2,0,4,4,0,0,2,0,0,0,4,2,0,2,2,0,4,0,0,2,0,0,4,0,0,2,2,2,2,2,0,0,0,4,2,0,2,2,0,2,0,2,0,2,2,4,2,2,0,2,2,2,0,0,2,2,4,2,0,2,0,0,2,0,0,0,0,2,2,0,4,0,2,0,0,4,0,0,2,2,4,4,0,2,2,0,2,0,2,6,2,2,0,0,0,0,4,2,0,2,2,2,2,0,0,0,0,4,4,2,2,2,2,2,0,4,6,4,0,2,2,2,4,2,0,0,2,4,2,4,2,4,2,0,0,0,0,0,0,0,0,0,0,0,0,0,2,0,0,2,2,0,2,4,0,0,0,0,2,0,2,0,0,0,2,2,0,0,0,0,4,2,2,2
3,0,0,-,2,0,0,2,0,0,4,2,2,6,0,0,6,0,0,0,0,2,2,2,0,0,2,4,2,0,2,0,0,2,6,0,2,2,6,0,0,2,0,4,0,0,0,0,0,0,2,0,2,0,0,2,2,4,0,0,2,0,4,0,2,0,0,0,2,2,2,0,0,0,2,0,0,2,2,2,2,4,6,0,2,0,0,0,2,0,0,2,4,2,0,2,2,0,2,4,4,2,2,0,2,2,0,0,2,4,2,0,0,0,2,2,2,2,0,2,0,2,0,4,4,0,2,0,2,0,2,2,0,0,2,0,0,0,2,0,2,2,0,0,2,0,2,2,0,2,0,2,0,2,2,2,0,2,2,0,2,0,0,2,0,0,0,4,4,2,2,0,0,0,4,0,4,4,0,0,2,4,0,2,8,0,0,4,4,0,2,6,2,0,2,0,0,2,2,0,0
4,8,0,2,-,0,0,6,0,0,0,0,2,4,0,4,2,0,0,2,2,6,4,2,4,0,2,2,0,2,2,0,0,4,0,0,2,0,0,0,2,2,2,2,2,4,2,4,0,0,2,2,2,2,2,0,2,2,4,0,0,2,2,0,6,4,2,0,0,0,0,0,0,2,0,0,0,2,0,0,2,2,0,0,2,0,0,2,2,0,2,2,2,2,2,0,2,0,4,2,4,0,2,0,2,2,2,2,4,2,2,0,0,0,0,4,0,0,0,4,2,0,0,0,2,2,0,2,0,2,0,2,0,4,0,2,4,4,0,2,0,2,2,2,2,0,2,0,0,0,2,2,0,0,0,0,2,2,2,0,0,4,2,0,4,4,4,2,2,2,0,0,0,2,0,2,0,0,0,4,0,0,2,0,2,0,0,4,0,0,4,2,0,0,0,0,2,2,6,0,2
5,0,4,0,0,-,2,0,0,6,0,0,0,6,0,2,2,0,2,0,4,0,4,0,0,2,6,8,0,2,4,2,0,0,2,4,2,4,0,2,0,4,8,2,0,2,0,2,0,2,4,0,2,0,0,2,2,2,2,4,4,2,4,2,0,2,0,0,2,2,2,0,6,0,4,0,2,0,2,0,2,0,4,4,2,4,0,0,0,0,2,0,0,0,0,2,2,0,0,0,2,6,0,0,2,0,2,8,0,2,4,2,4,2,2,2,0,2,0,4,0,0,0,6,0,0,6,6,4,2,2,2,0,4,0,0,2,2,0,0,4,0,0,4,0,0,2,2,0,4,0,2,0,6,0,2,0,2,0,0,0,2,2,0,0,6,2,0,2,2,0,2,0,2,0,0,0,0,2,10,4,2,0,0,4,10,0,0,2,2,4,0,0,0,0,2,0,2,2,2,0
6,4,0,0,0,2,-,0,0,0,0,0,0,2,0,0,2,0,0,0,2,0,0,2,6,0,0,2,2,2,2,2,2,2,0,2,0,0,0,0,0,2,0,2,2,4,0,2,2,0,0,2,2,2,0,0,2,2,0,0,0,2,0,2,0,2,0,2,0,0,2,0,0,0,4,0,2,0,0,0,0,2,2,4,0,0,2,0,2,0,2,2,0,0,6,0,0,4,0,0,0,2,6,2,4,4,0,4,4,0,0,0,0,0,0,2,2,0,2,2,2,2,2,4,0,0,4,0,0,2,2,0,0,0,0,0,4,0,0,4,4,0,0,0,2,2,0,0,0,4,2,4,0,0,2,0,2,0,0,0,2,0,2,0,0,0,0,2,6,0,0,2,0,0,2,2,2,0,4,2,0,2,0,0,0,0,2,2,2,4,0,2,0,2,0,0,0,4,2,0,0
7,2,0,2,6,0,0,-,2,0,0,0,0,0,2,2,4,8,0,2,0,0,0,6,2,0,4,4,2,0,2,2,0,2,2,2,0,2,2,0,2,0,0,0,0,6,4,8,0,0,2,0,2,0,2,2,0,2,0,0,2,2,0,4,0,0,2,4,0,2,2,0,0,0,2,2,0,0,0,0,0,2,0,2,2,2,0,0,2,0,4,2,2,0,0,2,2,0,0,6,4,2,2,0,2,2,0,4,0,2,4,2,2,6,0,2,0,0,4,4,4,4,2,2,0,2,2,2,0,4,0,2,4,6,0,4,6,4,0,6,2,2,2,0,2,0,2,6,4,0,0,6,4,2,4,2,0,2,2,0,0,2,0,0,2,0,2,4,2,0,4,0,4,0,2,2,2,2,0,4,0,0,0,0,4,2,2,2,2,0,6,0,2,0,2,0,0,6,4,2,0
8,0,6,0,0,0,0,2,-,2,0,4,0,0,2,0,0,0,2,4,0,4,0,0,0,2,0,2,4,0,2,0,2,0,0,0,0,0,2,0,2,0,0,0,0,4,0,0,0,2,0,2,0,0,0,0,4,0,0,0,4,2,0,0,0,2,2,0,6,2,0,2,0,2,4,0,0,2,0,4,0,2,0,2,0,2,2,0,0,2,2,2,0,0,0,2,0,0,0,0,0,6,2,2,0,2,2,4,0,0,0,2,0,0,0,0,0,0,0,0,2,2,2,0,2,0,2,4,0,0,0,0,0,0,2,2,0,2,0,0,0,2,4,2,2,0,0,2,0,2,0,2,0,2,4,0,2,2,4,0,2,0,0,0,0,0,2,2,4,0,0,0,2,0,0,0,4,2,0,2,2,2,0,0,0,2,0,0,2,0,0,0,2,0,0,2,0,6,0,0,0
9,0,2,0,0,6,0,0,2,-,4,0,0,0,0,0,0,2,0,4,0,0,2,0,2,4,2,4,2,0,0,0,2,0,0,0,0,4,0,2,0,0,2,2,2,0,2,0,2,2,2,2,0,2,2,2,0,0,0,2,0,2,0,0,0,0,4,0,2,2,2,0,4,2,0,0,2,0,4,0,0,0,0,2,0,2,2,0,0,2,0,0,2,0,0,4,0,0,0,0,2,0,2,2,2,0,4,0,0,0,2,0,2,0,0,2,0,2,0,0,2,0,0,4,0,2,0,0,4,0,0,2,0,2,0,0,2,0,0,4,0,4,0,0,0,0,4,0,0,2,6,0,2,0,0,0,0,0,0,0,0,0,0,4,2,2,0,2,2,4,0,2,2,2,2,2,0,0,4,4,2,2,0,0,2,2,2,2,2,0,0,0,0,0,0,0,2,8,0,0,0
10,4,0,4,0,0,0,0,0,4,-,2,2,4,0,2,0,2,0,0,4,4,4,2,0,2,2,2,0,0,2,0,2,2,2,2,2,6,0,4,2,0,0,0,0,0,2,0,0,4,0,0,0,6,0,2,2,0,2,2,0,2,0,0,4,2,0,2,2,4,2,0,2,0,0,0,2,2,2,0,0,0,2,0,4,2,2,0,2,0,0,2,2,0,0,2,0,2,2,0,0,2,2,0,0,2,0,0,6,2,0,0,0,0,0,4,0,0,0,2,0,2,0,4,0,0,0,2,0,0,4,0,2,0,0,0,0,4,0,0,2,2,2,0,0,0,4,2,0,2,0,2,2,2,0,2,0,0,0,0,0,0,2,2,0,0,2,2,0,2,0,0,0,0,0,4,0,2,6,0,0,2,0,4,2,2,2,2,2,0,0,2,0,0,2,0,2,2,2,0,0
11,0,2,2,0,0,0,0,4,0,2,-,0,2,0,0,2,0,0,0,2,4,0,2,2,0,0,2,4,2,0,0,4,0,0,0,4,4,0,2,2,0,0,0,4,0,2,0,0,6,0,2,0,0,6,4,0,0,0,0,2,2,2,0,2,2,4,0,2,0,2,2,8,0,0,0,6,4,0,2,6,2,2,2,2,0,4,0,0,0,2,0,2,2,0,0,0,2,0,2,4,4,4,2,0,2,0,2,2,2,0,0,2,2,0,0,0,2,4,4,0,0,0,4,0,4,0,0,2,6,2,0,0,0,2,2,4,2,2,2,2,2,0,2,0,0,4,0,0,2,4,0,0,4,2,0,0,0,4,2,0,4,2,2,0,2,0,0,2,0,0,0,2,2,0,0,0,2,2,0,0,0,0,4,4,0,0,0,2,2,0,2,2,2,2,0,2,2,4,0,0
12,2,2,2,2,0,0,0,0,0,2,0,-,4,0,4,4,4,0,4,2,0,0,0,0,6,4,8,2,2,4,2,0,0,0,0,2,0,0,0,6,0,0,2,2,2,2,0,0,4,6,2,4,0,0,0,6,6,4,0,2,0,2,4,2,0,2,2,2,0,2,0,2,0,0,2,0,2,4,0,0,0,6,4,2,6,4,0,0,0,4,2,4,0,4,2,2,4,2,4,4,0,6,0,2,0,2,0,2,2,2,0,6,2,2,0,2,2,0,0,4,0,0,2,0,0,2,0,0,0,8,0,0,2,2,0,4,0,0,6,0,0,4,2,4,6,8,0,0,2,6,2,0,0,2,2,4,4,6,4,2,2,0,0,0,0,0,6,4,0,2,0,0,0,0,2,0,0,2,0,0,2,0,0,0,4,2,2,2,0,0,4,4,0,0,0,2,2,2,2,2
13,2,0,6,4,6,2,0,0,0,4,2,4,-,2,2,4,4,2,4,0,2,2,4,4,0,0,0,4,2,2,0,2,2,0,2,6,4,0,4,0,2,0,2,2,0,4,2,0,2,2,0,4,0,4,0,2,2,2,0,0,2,4,0,6,2,0,2,2,0,0,4,4,4,2,0,0,0,0,0,0,2,2,4,4,4,0,2,2,6,4,0,2,2,2,2,2,0,2,4,6,0,2,0,2,2,0,4,2,0,2,2,2,0,4,2,0,2,0,4,4,4,6,0,0,0,0,0,0,2,0,2,4,4,4,0,0,4,0,0,2,0,0,0,0,2,6,2,2,0,0,2,2,4,2,6,0,0,0,2,2,2,0,6,2,4,0,2,0,6,0,0,4,6,0,6,2,2,0,4,4,8,2,0,6,4,2,6,0,0,2,0,0,0,0,2,6,4,8,0,2
14,2,0,0,0,0,0,2,2,0,0,0,0,2,-,0,0,4,4,0,0,2,8,6,0,2,6,2,2,0,2,0,0,2,0,2,0,2,2,2,0,0,2,0,0,4,0,0,0,0,2,2,0,0,6,2,2,2,4,4,2,2,2,0,0,2,0,0,2,4,2,0,0,0,4,2,2,2,0,0,4,2,0,2,2,2,0,2,2,4,0,0,0,2,2,0,0,2,0,2,4,2,2,0,0,0,2,4,2,0,2,4,2,6,0,0,0,0,0,4,2,6,0,0,0,2,2,2,2,2,2,0,0,0,0,0,0,2,4,2,4,0,2,2,0,4,0,2,0,0,0,4,2,6,0,4,0,0,2,4,0,0,4,0,2,4,2,2,4,2,4,0,0,4,0,4,2,2,2,2,4,0,0,2,0,2,2,2,0,0,4,0,2,0,4,0,6,6,2,0,2
15,2,2,0,4,2,0,2,0,0,2,0,4,2,0,-,4,6,2,0,2,0,2,4,0,0,4,2,2,2,0,0,0,0,4,2,0,2,0,0,2,0,4,2,0,2,0,2,0,2,4,0,2,0,0,0,4,2,6,0,4,0,2,0,2,4,4,0,0,2,2,0,0,2,2,4,0,2,2,0,6,2,2,0,2,0,0,0,2,2,2,0,2,4,2,0,2,4,2,2,2,2,2,0,0,4,4,2,0,0,0,2,2,0,0,2,0,2,2,0,2,0,2,0,0,4,0,2,4,2,2,0,2,8,0,4,2,2,4,0,0,0,0,0,2,0,0,0,2,2,0,2,2,2,0,0,0,2,4,2,2,6,4,0,0,0,2,2,4,2,2,2,0,0,0,0,2,0,0,4,0,0,0,2,6,0,0,0,0,0,0,0,2,2,0,0,6,0,12,4,0
16,2,0,6,2,2,2,4,0,0,0,2,4,4,0,4,-,2,4,0,4,2,0,0,0,2,4,4,2,0,2,0,0,0,4,0,2,0,2,2,2,2,0,0,0,2,2,0,8,0,2,2,0,0,0,0,2,6,0,2,2,0,2,0,6,0,0,0,0,0,2,0,0,2,2,0,0,0,0,4,2,4,4,2,0,0,2,0,4,0,0,0,2,4,2,0,0,2,2,2,4,2,0,4,4,2,2,2,0,2,0,0,0,2,0,0,0,0,0,2,2,0,0,2,0,0,0,0,2,2,2,0,2,2,0,4,2,2,4,2,0,0,0,0,0,2,4,0,0,0,0,0,0,0,0,0,2,2,6,0,4,2,2,0,0,2,0,2,4,0,4,2,4,2,0,2,2,0,0,0,0,2,0,0,6,0,0,4,0,2,2,0,2,2,0,0,0,4,4,2,4
17,0,0,0,0,0,0,8,0,2,2,0,4,4,4,6,2,-,2,0,2,2,0,2,6,2,2,6,2,0,0,2,4,2,6,2,0,4,2,2,2,0,2,0,0,0,2,4,0,2,2,2,4,2,0,2,6,0,6,2,0,0,2,0,6,0,2,0,2,2,0,2,0,0,0,0,2,0,4,2,4,0,0,2,0,4,0,4,0,0,2,0,0,8,4,0,2,0,2,0,0,0,6,4,2,4,6,4,2,0,0,2,4,0,0,0,2,0,2,2,0,2,2,0,0,0,6,4,2,0,2,4,0,2,0,0,0,4,0,0,0,0,4,4,2,4,2,4,0,0,4,2,0,0,0,0,0,4,2,4,4,4,2,0,4,2,0,6,2,0,0,0,2,4,2,0,4,0,0,0,2,2,0,2,4,2,0,2,4,6,8,2,0,2,0,2,2,0,0,0,0
18,0,4,0,0,2,0,0,2,0,0,0,0,2,4,2,4,2,-,2,4,2,2,4,0,0,0,4,0,6,2,0,2,0,2,2,2,0,0,0,0,0,0,4,6,2,0,6,0,0,2,0,0,4,4,2,2,4,2,0,0,0,0,2,2,0,0,2,2,2,0,0,2,2,6,0,0,2,0,0,2,2,2,4,2,0,2,0,2,0,0,0,0,2,0,0,0,2,0,2,2,0,2,0,0,4,2,2,2,2,0,0,0,2,0,0,0,0,0,2,4,0,0,0,0,0,0,0,4,0,0,0,0,4,2,2,4,4,2,0,0,2,4,2,0,0,0,0,0,0,2,2,0,2,2,0,2,2,0,2,4,0,4,0,0,0,2,2,0,0,0,0,0,0,0,2,0,0,0,0,4,0,0,0,0,0,0,2,0,0,0,2,0,4,0,2,2,0,2,2,2
19,0,2,0,2,0,0,2,4,4,0,0,4,4,0,0,0,0,2,-,0,0,0,4,2,2,2,2,0,0,0,0,0,2,2,0,0,2,0,0,0,2,2,0,2,0,0,2,2,0,0,4,0,2,2,0,2,2,0,2,2,2,2,2,2,0,0,2,0,2,0,0,2,0,0,0,0,0,4,6,2,0,4,2,0,4,2,0,2,8,6,0,0,4,4,0,0,0,2,2,4,0,0,0,0,2,2,0,4,2,2,0,0,0,0,2,0,2,0,0,6,2,2,4,2,4,0,2,2,0,2,0,2,0,0,0,0,0,0,2,2,4,0,2,4,0,0,0,0,2,0,4,2,2,2,4,0,2,2,2,2,2,0,2,2,4,0,0,2,2,4,0,2,0,0,0,0,0,0,0,2,2,0,0,0,2,2,0,0,2,0,0,2,0,0,4,2,2,0,2,0
20,6,0,0,2,4,2,0,0,0,4,2,2,0,0,2,4,2,4,0,-,0,2,0,0,2,0,0,2,0,2,2,0,0,0,2,6,4,2,0,2,2,2,0,2,2,4,0,2,4,6,2,2,4,2,0,2,4,2,2,2,0,6,0,0,2,0,0,0,0,0,0,2,0,2,4,2,2,0,2,0,4,2,4,2,2,0,0,2,0,2,0,0,2,0,0,2,4,0,0,2,2,0,2,0,0,0,8,4,4,0,4,2,0,4,4,4,0,2,0,6,0,0,2,0,0,0,2,0,4,2,0,2,2,2,2,2,0,0,0,0,4,2,0,0,4,0,0,0,2,4,2,0,2,2,2,0,0,0,2,0,4,4,0,0,4,6,4,2,0,0,2,2,2,0,2,0,0,2,0,0,0,2,0,4,0,0,4,4,2,2,0,0,0,2,2,0,6,4,2,4
21,0,2,2,6,0,0,0,4,0,4,4,0,2,2,0,2,2,2,0,0,-,0,4,0,2,0,2,0,0,4,4,0,0,0,0,2,2,0,4,2,2,2,0,2,4,0,2,0,0,0,4,0,0,0,0,4,0,2,4,6,0,4,2,4,2,0,0,2,2,0,0,0,0,4,2,0,0,2,0,2,2,4,4,4,0,2,2,2,0,0,0,2,2,0,0,0,0,6,0,0,4,0,0,0,6,0,0,12,4,0,4,2,4,0,4,2,2,0,2,0,0,0,4,0,4,0,0,0,2,4,2,0,0,0,2,2,4,0,0,2,0,0,4,2,2,4,0,0,2,2,0,2,0,2,0,0,4,0,2,0,4,0,0,0,4,2,2,2,4,0,0,0,0,0,0,0,0,4,2,0,2,0,2,2,2,2,0,0,2,6,0,6,0,2,0,0,2,0,2,0
22,2,4,2,4,4,0,0,0,2,4,0,0,2,8,2,0,0,2,0,2,0,-,4,0,2,4,0,0,0,0,4,0,4,0,0,4,2,2,2,0,2,2,4,0,0,2,0,2,0,2,0,0,2,2,0,0,0,0,2,0,2,2,0,2,2,0,2,2,2,2,0,2,0,0,0,4,0,0,4,2,2,2,2,2,0,0,0,0,0,0,0,2,0,2,2,2,0,4,2,0,4,6,2,2,0,0,4,6,0,4,2,0,0,0,0,2,0,0,4,0,0,2,0,4,0,2,0,2,6,2,0,0,0,0,0,2,4,0,0,4,2,0,0,2,0,2,2,0,2,2,2,2,2,4,2,4,4,2,6,0,2,0,0,2,2,2,4,2,4,0,2,0,4,0,4,4,0,4,2,0,0,0,2,2,0,2,0,4,0,2,2,0,2,2,0,0,4,2,0,2
23,0,4,2,2,0,2,6,0,0,2,2,0,4,6,4,0,2,4,4,0,4,4,-,0,2,0,0,0,6,0,0,0,0,4,0,0,4,2,0,0,2,2,6,0,2,6,0,0,0,0,0,0,0,6,0,2,0,8,2,2,6,6,2,0,6,2,4,2,0,4,2,2,0,4,0,2,2,2,4,2,0,0,2,6,0,2,0,0,8,4,0,0,2,0,2,0,4,4,4,2,2,0,0,0,6,0,0,4,0,2,4,2,4,2,0,2,2,0,6,4,2,6,2,4,4,4,0,2,4,4,0,0,0,0,0,6,4,2,4,4,4,2,0,4,0,2,4,2,2,2,4,0,4,2,2,0,0,0,2,2,2,2,2,6,2,0,2,4,6,2,2,4,4,2,2,0,4,0,0,2,2,0,2,0,0,0,2,0,4,2,0,4,0,2,4,2,6,6,0,4
24,4,2,0,4,0,6,2,0,2,0,2,0,4,0,0,0,6,0,2,0,0,0,0,-,0,0,0,0,2,0,4,6,2,0,2,0,2,2,0,2,2,0,0,2,4,4,0,2,0,4,2,2,4,0,2,2,0,4,0,0,4,0,2,6,0,2,4,0,0,0,0,4,2,2,0,2,2,0,2,0,4,2,0,0,2,0,2,0,0,0,4,0,0,0,2,2,2,4,0,0,0,2,4,2,0,8,8,2,2,2,4,4,2,2,2,2,2,2,0,0,0,2,4,0,0,6,0,0,0,2,2,0,2,0,0,4,4,0,0,2,2,2,2,2,0,2,4,0,2,0,2,0,0,0,0,0,0,2,0,2,2,2,0,4,2,0,0,0,0,0,0,2,2,0,2,0,0,4,2,0,2,0,0,2,0,0,0,0,0,0,2,0,2,0,2,2,2,0,0,0
25,0,2,0,0,2,0,0,2,4,2,0,6,0,2,0,2,2,0,2,2,2,2,2,0,-,6,0,0,4,0,0,2,0,0,2,2,4,2,2,0,2,0,0,2,0,2,0,2,0,2,4,0,2,0,0,2,4,2,0,2,0,2,0,0,0,6,0,2,2,0,0,0,2,0,0,2,6,2,0,2,2,0,0,0,0,0,2,0,4,0,0,2,0,2,4,0,2,0,0,2,0,2,0,2,4,2,2,0,0,0,2,2,0,4,2,4,0,2,2,0,0,0,2,0,2,2,2,2,0,0,0,4,0,0,0,2,4,2,0,0,0,2,2,0,0,2,2,2,2,2,0,2,0,0,4,0,0,0,0,2,0,0,0,0,2,2,0,0,2,0,0,2,4,0,0,0,2,2,0,0,4,0,2,0,2,0,4,4,0,4,4,2,0,2,0,0,0,4,0,2
26,2,0,2,2,6,0,4,0,2,2,0,4,0,6,4,4,2,0,2,0,0,4,0,0,6,-,6,0,0,2,0,2,0,2,4,4,2,2,0,2,2,0,2,0,0,0,0,2,0,6,2,0,2,2,2,2,4,2,4,2,0,2,4,2,0,0,0,2,2,0,0,2,0,0,4,0,2,0,0,2,4,0,6,4,0,0,0,0,6,2,0,6,2,0,2,0,0,0,0,0,2,8,0,2,6,4,2,2,4,0,2,2,2,2,0,2,0,0,2,4,4,2,0,0,0,4,0,4,0,4,2,4,4,0,0,0,8,2,4,0,2,4,4,2,0,0,2,0,0,0,0,2,2,0,4,0,2,2,0,0,6,0,0,0,2,0,0,2,4,4,0,6,6,0,2,2,2,2,2,2,0,0,4,0,0,0,2,2,0,2,2,2,2,2,4,6,4,6,0,2
27,0,2,4,2,8,2,4,2,4,2,2,8,0,2,2,4,6,4,2,0,2,0,0,0,0,6,-,2,6,0,4,0,0,2,0,0,4,0,2,2,2,2,6,4,2,6,4,2,0,0,0,0,0,2,0,4,4,2,0,14,0,2,0,0,4,0,2,2,0,0,2,4,0,6,4,0,0,2,0,0,2,2,2,8,2,0,4,0,0,6,0,2,0,2,0,0,0,0,4,2,2,4,2,4,0,2,4,0,2,0,4,2,0,0,0,0,2,2,2,4,2,0,4,0,0,6,2,2,2,0,0,6,2,0,0,0,0,2,2,2,0,2,2,2,0,0,2,0,0,8,2,0,0,0,2,4,4,8,0,0,2,6,2,2,0,0,0,2,2,2,2,2,0,2,0,2,0,4,4,0,0,4,0,4,2,2,0,2,0,6,2,2,2,2,2,0,2,2,0,2
28,0,0,2,0,0,2,2,4,2,0,4,2,4,2,2,2,2,0,0,2,0,0,0,0,0,0,2,-,0,0,2,0,2,4,0,0,2,6,0,4,0,2,2,2,4,0,6,2,0,0,0,4,6,0,4,0,2,2,0,6,2,0,0,2,0,2,0,0,0,2,4,2,0,2,2,0,0,0,0,2,6,2,4,2,2,0,2,2,0,0,0,0,2,2,6,2,2,2,2,0,2,2,0,4,4,0,6,2,0,2,6,0,0,4,2,0,0,0,0,2,0,0,2,2,2,8,2,0,2,4,0,0,2,0,0,0,6,4,4,2,4,2,0,2,4,0,2,0,0,6,2,0,0,0,0,2,6,4,0,2,4,2,0,2,0,0,2,4,0,4,4,0,2,4,2,2,2,0,0,0,6,2,0,4,2,4,2,2,2,2,4,0,4,0,0,2,0,2,2,2
29,0,4,0,2,2,2,0,0,0,0,2,2,2,0,2,0,0,6,0,0,0,0,6,2,4,0,6,0,-,0,0,2,0,2,2,2,2,4,0,2,0,0,4,4,0,2,6,0,2,0,0,2,0,0,0,6,0,0,2,6,2,0,2,6,0,6,0,4,0,0,0,2,0,0,4,4,0,0,2,4,0,0,4,2,4,4,0,0,4,0,2,4,0,0,0,2,4,0,0,2,2,0,0,0,0,0,4,0,0,0,0,0,2,0,0,2,6,2,2,2,2,0,2,2,0,0,2,4,0,0,4,4,6,0,0,0,0,0,4,0,2,2,2,4,0,2,2,6,0,2,6,0,2,2,2,4,2,2,2,0,0,0,2,0,0,2,0,2,0,0,6,0,2,0,0,0,0,4,2,0,2,2,2,0,0,2,2,4,2,0,2,0,2,0,0,0,0,4,0,2
30,2,4,2,2,4,2,2,2,0,2,0,4,2,2,0,2,0,2,0,2,4,0,0,0,0,2,0,0,0,-,0,0,0,0,2,0,2,0,0,2,2,0,0,0,2,0,2,0,0,2,0,0,2,4,0,2,0,0,0,2,0,0,2,2,0,0,2,2,2,2,0,2,4,2,2,0,0,4,2,6,2,2,0,0,0,0,0,2,0,4,0,2,0,0,2,2,0,2,0,0,0,2,2,2,0,0,2,2,4,2,2,2,6,0,0,0,2,0,4,0,0,0,2,4,0,0,2,0,0,0,0,0,2,0,2,2,0,0,2,2,0,0,0,2,0,2,2,0,2,0,0,2,4,0,0,6,2,2,0,0,0,2,0,0,2,0,0,0,2,0,2,0,0,2,0,0,0,0,2,2,4,2,0,2,2,0,0,2,0,2,0,2,0,0,0,2,0,4,0,2
31,0,0,0,0,2,2,2,0,0,0,0,2,0,0,0,0,2,0,0,2,4,4,0,4,0,0,4,2,0,0,-,4,0,0,0,2,2,2,4,2,0,0,0,2,4,0,0,2,0,0,0,0,0,0,0,0,2,0,2,2,2,0,0,2,0,2,0,2,2,0,0,0,0,2,0,0,0,2,2,0,0,6,0,0,0,2,0,0,0,2,0,2,0,0,2,0,2,0,2,0,6,4,2,2,0,2,2,0,2,0,0,4,2,2,0,2,2,0,2,0,0,0,0,0,2,0,0,2,2,2,0,2,2,0,2,0,0,0,0,0,4,0,0,2,0,0,2,2,4,2,2,0,0,4,0,0,4,6,4,2,4,2,0,2,2,2,2,2,0,2,2,2,2,0,2,2,2,4,0,0,0,0,0,2,2,2,0,2,0,2,0,0,2,4,0,0,2,0,0,0
32,2,0,0,0,0,2,0,2,2,2,4,0,2,0,0,0,4,2,0,0,0,0,0,6,2,2,0,0,2,0,4,-,4,0,0,2,0,0,6,0,0,2,0,2,4,4,0,2,2,2,4,0,2,2,4,0,0,2,0,2,2,0,0,4,0,2,0,0,0,0,0,0,2,0,2,2,0,0,0,0,2,0,0,2,0,0,6,0,2,2,0,2,2,0,6,0,4,0,2,2,4,6,6,6,2,4,6,4,0,0,2,4,2,0,0,2,2,2,2,0,0,0,0,2,0,2,0,2,4,4,0,0,0,2,2,2,0,0,0,2,0,2,0,2,0,4,2,0,0,0,0,0,2,0,4,0,2,0,0,0,4,0,0,2,0,0,0,0,2,0,2,4,2,0,0,2,2,2,2,0,0,0,0,0,2,0,0,4,0,2,4,0,2,0,0,2,2,2,2,0
33,0,2,2,4,0,2,2,0,0,2,0,0,2,2,0,0,2,0,2,0,0,4,0,2,0,0,0,2,0,0,0,4,-,0,0,0,2,2,0,4,4,0,2,2,0,0,2,0,0,2,6,2,0,4,0,2,2,4,2,2,0,0,0,2,8,0,2,0,2,0,2,0,2,0,2,0,4,0,2,0,0,2,2,2,0,2,0,2,4,0,0,4,2,6,0,0,0,0,2,0,0,2,2,0,2,2,4,0,2,0,4,0,0,4,2,0,0,2,0,2,2,2,0,4,2,0,0,2,2,2,2,0,0,0,0,6,4,2,2,4,0,4,2,4,2,0,2,0,0,2,2,0,0,2,0,4,2,2,0,0,0,2,2,2,4,2,0,4,2,2,0,2,2,2,0,2,0,0,4,0,0,0,0,2,4,0,0,0,0,0,4,4,0,2,0,4,0,0,0,2
34,2,0,6,0,2,0,2,0,0,2,0,0,0,0,4,4,6,2,2,0,0,0,4,0,0,2,2,4,2,0,0,0,0,-,2,2,4,2,0,0,4,2,0,0,2,2,2,0,0,0,2,0,0,0,0,0,4,2,2,4,0,2,0,0,2,0,2,2,2,0,0,0,2,4,0,0,0,2,4,2,2,0,0,0,0,2,0,4,2,0,2,4,0,4,0,4,0,0,0,4,0,0,0,0,0,0,2,0,2,2,0,0,2,2,2,4,0,2,4,0,0,0,2,0,0,4,4,4,0,4,0,0,2,0,0,0,0,2,2,0,2,2,0,8,0,2,0,0,0,0,0,2,0,0,0,2,0,0,0,6,4,0,0,0,2,2,2,4,0,0,2,2,0,2,0,0,0,0,0,0,2,4,2,2,0,0,2,0,6,0,4,0,2,0,2,0,2,2,0,0
35,0,0,0,0,4,2,2,0,0,2,0,0,2,2,2,0,2,2,0,2,0,0,0,2,2,4,0,0,2,2,0,0,0,2,-,0,2,0,0,0,0,2,0,0,0,0,0,0,0,2,0,0,2,0,2,0,2,0,0,0,0,2,0,2,2,0,2,0,4,0,2,0,4,0,0,0,2,0,0,0,2,0,4,2,0,0,0,0,0,2,0,0,0,0,6,0,2,2,0,0,0,0,0,0,0,0,0,0,2,0,2,2,6,0,4,0,6,2,2,0,0,0,2,0,0,2,0,0,0,0,0,0,0,0,2,2,0,2,2,0,2,4,0,0,2,0,0,0,0,0,0,2,4,0,0,0,2,0,0,0,0,2,0,0,0,0,0,0,0,0,0,0,0,0,0,0,2,0,4,2,0,0,4,4,0,0,2,2,2,0,2,0,0,2,2,2,0,2,0,0
36,2,0,2,2,2,0,0,0,0,2,4,2,6,0,0,2,0,2,0,6,2,4,0,0,2,4,0,0,2,0,2,2,0,2,0,-,0,0,0,2,0,0,2,2,4,2,2,2,2,0,0,4,0,2,0,0,2,2,0,2,0,2,0,2,2,4,4,2,4,4,2,2,2,4,0,0,2,2,0,0,2,2,0,0,2,0,0,0,2,0,2,4,4,0,2,2,2,2,4,2,0,2,2,2,6,0,0,0,0,0,2,2,0,0,4,2,2,2,4,6,0,0,2,0,0,0,0,0,0,2,4,4,4,2,2,0,4,2,0,2,2,2,0,0,0,6,2,0,0,0,0,0,2,0,6,0,0,0,2,2,2,2,2,2,0,4,0,2,0,2,2,2,0,0,0,0,2,0,2,0,4,4,4,0,2,0,2,0,2,2,2,2,0,0,0,2,0,2,0,2
37,2,4,2,0,4,0,2,0,4,6,4,0,4,2,2,0,4,0,2,4,2,2,4,2,4,2,4,2,2,2,2,0,2,4,2,0,-,4,0,0,0,0,2,0,8,0,2,0,2,2,0,0,6,0,4,0,4,6,6,2,2,0,0,8,2,4,2,4,2,0,2,0,2,2,4,2,4,4,4,6,4,2,2,6,0,0,2,4,4,6,0,4,0,4,0,2,2,0,2,2,4,6,2,2,2,2,4,2,6,0,4,0,0,0,4,0,4,4,2,0,2,0,0,6,2,2,6,4,0,0,0,0,2,2,2,2,0,6,2,0,4,2,2,4,0,4,2,0,4,4,2,0,0,4,6,2,4,4,0,0,2,0,2,0,6,2,0,0,2,4,2,2,2,2,0,2,2,2,2,4,0,0,0,4,2,2,0,12,2,2,0,2,2,0,0,2,0,6,2,0
38,0,2,6,0,0,0,2,2,0,0,0,0,0,2,0,2,2,0,0,2,0,2,2,2,2,2,0,6,4,0,2,0,2,2,0,0,4,-,0,2,0,4,2,2,0,2,0,2,0,4,0,0,0,0,2,0,0,0,4,0,0,0,0,4,4,2,2,2,2,0,2,2,0,0,2,2,2,0,2,2,6,2,0,0,0,0,0,2,0,0,4,6,0,0,4,0,0,2,2,0,0,0,0,4,0,2,4,0,0,0,0,2,2,4,0,2,0,0,0,0,4,0,2,0,4,0,2,2,2,0,2,0,2,0,4,0,2,2,0,0,2,2,0,0,0,0,0,0,2,0,2,0,0,4,0,4,4,2,4,0,2,2,0,2,0,0,0,4,0,2,2,0,0,8,0,6,4,2,4,0,0,2,0,0,2,0,0,6,2,2,2,2,0,0,0,0,0,2,0,0
39,0,0,0,0,2,0,0,0,2,4,2,0,4,2,0,2,2,0,0,0,4,2,0,0,2,0,2,0,0,0,4,6,0,0,0,0,0,0,-,0,2,4,2,2,2,2,0,2,0,2,0,4,0,0,4,0,0,0,4,2,6,0,2,0,4,0,0,0,0,2,0,0,2,4,4,4,2,2,0,0,0,2,0,4,2,0,2,0,0,0,0,0,2,2,2,2,0,0,0,2,2,4,0,0,4,2,4,6,2,0,0,6,2,2,2,2,2,0,0,0,2,0,0,0,2,0,0,4,4,2,2,0,0,2,2,0,2,0,0,4,2,0,0,2,2,2,2,2,0,2,2,2,4,0,0,0,4,2,0,0,4,2,0,2,0,0,0,0,2,0,0,0,0,2,2,4,2,2,2,0,2,0,2,2,2,2,6,4,0,2,2,0,2,2,0,4,4,0,2,0
40,2,2,0,2,0,0,2,2,0,2,2,6,0,0,2,2,2,0,0,2,2,0,0,2,0,2,2,4,2,2,2,0,4,0,0,2,0,2,0,-,2,0,0,0,2,2,4,0,0,0,2,0,2,2,0,4,4,2,0,6,2,0,0,0,2,0,0,4,6,4,2,4,2,2,4,2,2,0,0,0,2,0,0,2,2,2,0,2,0,6,0,0,4,2,0,0,6,2,2,0,2,8,0,6,2,0,0,6,2,0,4,4,2,0,4,2,2,2,6,0,0,0,4,0,0,2,0,2,2,6,2,0,6,0,0,2,0,2,6,2,2,4,0,2,2,2,2,0,0,4,2,0,2,2,2,2,6,6,2,0,0,2,2,0,2,2,2,0,2,2,2,2,2,2,0,2,0,4,4,2,6,0,0,0,2,0,0,6,0,2,0,2,0,4,4,0,0,2,0,0
41,0,2,2,2,4,2,0,0,0,0,0,0,2,0,0,2,0,0,2,2,2,2,2,2,2,2,2,0,0,2,0,0,4,4,0,0,0,0,2,2,-,0,0,2,0,0,0,2,0,0,2,6,0,2,0,2,0,0,0,2,0,2,2,0,2,2,0,0,0,2,0,2,0,2,0,4,0,4,2,4,4,0,4,0,4,2,2,2,2,4,0,0,2,4,0,0,0,8,0,2,2,4,4,2,0,4,0,4,2,2,4,0,4,4,2,4,0,0,0,2,0,0,0,0,2,2,0,6,4,0,2,0,2,0,0,0,2,0,0,0,0,0,0,2,0,0,4,0,2,0,0,2,2,0,4,0,2,4,4,0,0,2,0,2,2,4,0,6,2,2,2,2,0,0,2,4,2,2,2,4,2,0,0,2,0,0,2,0,0,0,4,4,0,2,0,0,4,0,4,4
42,0,0,0,2,8,0,0,0,2,0,0,0,0,2,4,0,2,0,2,2,2,2,2,0,0,0,2,2,0,0,0,2,0,2,2,0,0,4,4,0,0,-,0,0,2,0,0,2,0,0,0,0,0,4,2,0,2,0,2,2,4,0,2,0,0,0,4,2,0,0,0,4,0,0,0,4,0,2,0,2,4,2,2,0,0,0,0,0,0,0,0,4,0,4,2,2,0,2,0,0,4,0,2,2,2,6,0,4,0,0,0,2,2,2,0,0,2,0,2,0,0,2,0,0,2,0,2,2,0,0,6,0,0,2,2,0,0,0,0,2,2,2,2,0,4,4,4,0,2,0,4,0,0,0,2,0,6,0,4,0,0,2,0,2,2,2,0,0,4,2,0,0,0,0,2,2,0,0,2,0,4,0,0,4,2,2,0,0,0,0,0,0,0,2,4,0,0,4,0,0
43,2,4,4,2,2,2,0,0,2,0,0,2,2,0,2,0,0,4,0,0,0,4,6,0,0,2,6,2,4,0,0,0,2,0,0,2,2,2,2,0,0,0,-,2,2,0,0,0,0,2,0,0,0,0,2,2,2,0,0,2,0,2,0,0,2,2,0,2,0,0,4,0,0,0,0,2,0,2,2,0,4,2,2,2,0,0,2,0,4,2,2,0,2,2,0,0,0,0,0,0,2,4,0,2,6,0,2,2,2,0,4,0,0,2,0,2,2,0,0,0,2,0,2,0,0,0,0,2,4,0,2,4,2,2,0,2,6,0,2,2,0,2,4,4,0,2,2,0,0,2,0,0,2,2,2,2,0,0,2,0,2,2,6,0,2,0,0,2,0,2,2,2,2,2,0,4,2,0,0,0,0,0,0,0,0,0,0,0,2,0,6,0,2,4,2,4,4,0,0,4
44,0,0,0,2,0,2,0,0,2,0,4,2,2,0,0,0,0,6,2,2,2,0,0,2,2,0,4,2,4,0,2,2,2,0,0,2,0,2,2,0,2,0,2,-,0,0,4,0,0,4,4,2,8,2,0,0,0,2,2,4,0,0,2,2,0,2,2,0,2,0,0,2,4,2,0,2,0,0,2,0,0,2,4,0,4,2,2,0,0,0,4,6,4,2,2,2,0,0,8,2,0,0,0,0,0,0,0,2,0,0,2,2,4,2,2,6,2,0,2,0,0,2,0,2,0,2,0,2,0,0,4,0,2,2,2,2,0,0,0,0,0,2,2,0,2,2,0,0,0,4,0,0,0,0,0,0,2,2,2,4,4,0,2,0,0,2,0,0,4,2,2,0,0,2,4,2,2,4,2,0,4,0,0,0,0,0,0,2,2,0,4,0,4,2,0,0,2,4,6,0
45,0,0,0,4,2,4,6,4,0,0,0,2,0,4,2,2,0,2,0,2,4,0,2,4,0,0,2,4,0,2,4,4,0,2,0,4,8,0,2,2,0,2,2,0,-,4,4,2,2,0,2,4,2,0,0,0,6,0,0,0,6,2,0,2,4,0,0,0,0,0,0,0,2,8,4,4,0,2,0,2,4,4,0,2,2,0,0,0,4,6,2,0,2,0,2,4,0,2,2,2,4,4,2,4,0,0,2,4,2,0,6,0,2,0,2,0,4,0,2,0,2,0,2,0,0,0,0,2,2,2,2,0,2,2,4,0,0,2,0,2,2,2,2,4,0,2,2,0,2,2,4,2,0,4,2,4,0,2,6,4,4,4,0,0,0,2,0,2,2,8,2,0,0,2,4,0,0,4,4,0,0,2,0,0,2,4,0,2,0,0,2,4,2,0,0,2,2,0,0,4
46,2,2,0,2,0,0,4,0,2,2,2,2,4,0,0,2,2,0,0,4,0,2,6,4,2,0,6,0,2,0,0,4,0,2,0,2,0,2,2,2,0,0,0,0,4,-,0,0,4,2,0,2,4,0,0,0,0,2,0,2,2,0,0,4,0,2,4,2,0,0,0,2,2,2,0,0,2,0,0,0,0,0,0,4,4,0,2,0,2,0,2,4,2,2,0,0,0,2,2,2,2,2,0,2,0,0,0,2,4,0,4,2,0,4,0,0,0,0,2,2,0,0,0,0,0,2,0,2,0,2,0,2,4,0,0,0,2,0,2,6,4,2,2,2,0,4,2,2,0,2,2,2,2,0,4,2,0,2,0,0,0,0,0,4,0,2,2,2,0,0,2,4,0,2,0,0,0,0,2,2,6,0,0,0,2,0,6,2,2,2,4,0,0,0,0,0,0,0,0,2
47,2,0,0,4,2,2,8,0,0,0,0,0,2,0,2,0,4,6,2,0,2,0,0,0,0,0,4,6,6,2,0,0,2,2,0,2,2,0,0,4,0,0,0,4,4,0,-,0,0,2,4,0,4,2,2,0,2,0,0,0,2,2,2,0,0,0,4,0,0,2,4,0,2,2,2,0,0,2,0,0,2,2,2,0,0,2,0,0,0,2,2,0,2,0,2,2,0,2,0,2,2,6,0,2,0,0,4,0,0,0,8,0,0,2,0,2,2,0,2,0,0,0,4,0,0,0,2,2,0,0,2,0,6,0,2,2,0,4,2,6,4,0,2,2,2,2,4,0,6,6,0,0,0,0,2,2,4,0,0,2,2,0,0,0,2,4,6,0,0,2,2,2,0,0,2,0,0,2,4,2,2,0,2,2,2,2,4,2,2,0,0,0,0,2,0,4,0,2,2,0
48,2,0,0,0,0,2,0,0,2,0,0,0,0,0,0,8,0,0,2,2,0,2,0,2,2,2,2,2,0,0,2,2,0,0,0,2,0,2,2,0,2,2,0,0,2,0,0,-,2,2,0,0,0,2,0,0,6,0,2,0,0,8,2,4,0,0,0,2,0,0,0,2,2,0,2,0,2,4,4,0,4,0,0,2,0,0,6,0,0,0,0,2,0,2,4,2,4,2,0,0,0,0,2,6,2,4,0,0,0,2,0,2,0,2,6,0,2,0,2,0,0,0,4,2,2,2,0,4,4,0,0,2,0,0,0,0,0,0,2,2,0,0,2,8,0,2,2,2,0,0,2,0,0,0,4,4,0,0,0,2,0,2,0,2,0,0,0,0,2,2,2,2,2,2,0,2,0,2,0,2,0,0,0,0,0,0,0,2,2,2,0,0,2,0,0,0,2,4,0,0
49,4,4,0,0,2,0,0,2,2,4,6,4,2,0,2,0,2,0,0,4,0,0,0,0,0,0,0,0,2,0,0,2,0,0,0,2,2,0,0,0,0,0,0,0,2,4,0,2,-,0,0,2,4,2,2,0,0,0,0,4,4,0,0,6,0,4,2,0,0,2,0,0,0,0,2,4,0,2,0,4,4,0,0,2,2,2,4,0,2,6,0,4,0,0,2,0,2,2,2,2,6,2,0,2,2,2,4,0,0,0,2,2,0,0,4,0,2,4,0,0,0,2,4,0,2,2,0,2,4,2,0,0,0,6,0,2,2,0,2,2,2,0,0,0,0,2,0,0,2,4,0,4,0,2,2,0,2,0,0,4,4,0,0,2,0,0,0,4,0,0,0,2,0,0,4,0,2,0,4,8,6,2,0,0,0,4,0,4,0,0,0,0,2,0,0,2,0,0,0,0
50,0,0,2,2,4,0,2,0,2,0,0,6,2,2,4,2,2,2,0,6,0,2,0,4,2,6,0,0,0,2,0,2,2,0,2,0,2,4,2,0,0,0,2,4,0,2,2,2,0,-,2,0,0,0,0,4,6,8,0,0,2,0,2,0,2,4,0,2,4,2,2,0,0,0,4,0,0,4,2,0,2,2,2,0,4,4,0,2,2,4,2,0,2,0,2,0,2,2,2,0,0,0,2,2,4,0,2,0,4,0,2,2,2,2,0,2,2,2,0,2,0,4,0,2,0,2,0,0,2,0,0,2,0,4,0,10,0,0,0,0,4,4,0,2,2,4,4,0,2,4,0,4,4,4,2,2,2,6,2,0,4,2,2,2,2,2,4,0,6,0,2,0,0,0,2,6,2,0,4,2,4,2,2,0,2,2,2,2,0,0,2,0,0,0,2,4,2,4,0,0
51,0,0,0,2,0,2,0,2,2,0,2,2,0,2,0,2,2,0,4,2,4,0,0,2,4,2,0,0,0,0,0,4,6,2,0,0,0,0,0,2,2,0,0,4,2,0,4,0,0,2,-,0,2,2,0,4,6,0,4,0,2,2,0,0,0,0,2,0,0,0,0,0,2,0,0,0,4,0,2,0,0,2,2,0,6,0,0,2,2,0,0,2,2,2,4,0,0,4,2,0,0,0,4,0,6,0,2,2,0,2,4,0,2,4,0,2,2,0,0,2,2,0,0,0,2,0,0,0,0,4,0,0,0,0,0,4,0,2,0,2,2,0,0,0,0,2,0,0,2,2,2,4,4,0,2,0,0,4,0,0,0,2,2,0,4,0,4,2,2,2,0,0,0,0,0,2,0,4,2,2,4,4,0,0,0,0,0,0,4,0,6,0,2,2,0,0,4,2,0,6
52,0,2,2,2,2,2,2,0,0,0,0,4,4,0,2,0,4,0,0,2,0,0,0,2,0,0,0,4,2,0,0,0,2,0,0,4,0,0,4,0,6,0,0,2,4,2,0,0,2,0,0,-,0,0,0,2,2,0,2,2,0,2,4,0,6,10,2,0,0,6,0,2,0,2,0,2,0,2,0,2,0,0,2,0,4,4,0,0,0,0,0,0,0,2,2,0,2,0,0,2,0,4,0,2,2,4,4,2,0,0,4,0,2,0,2,2,2,2,0,2,2,0,0,0,4,2,2,2,2,0,2,0,0,4,0,4,4,4,2,2,2,2,2,0,2,0,2,0,0,0,0,0,2,2,8,0,0,4,2,0,2,0,0,0,0,2,2,2,0,0,0,0,0,2,4,2,0,2,0,0,2,2,2,0,2,0,4,2,0,0,2,0,4,0,0,2,2,0,2,6
53,4,2,0,2,0,2,0,0,2,6,0,0,0,0,0,0,2,4,2,4,0,2,0,4,2,2,0,6,0,2,0,2,0,0,2,0,6,0,0,2,0,0,0,8,2,4,4,0,4,0,2,0,-,2,2,2,4,0,0,0,6,2,0,4,2,4,6,4,0,2,0,0,2,0,4,2,0,0,2,0,6,0,4,0,0,0,2,0,2,0,4,0,2,2,2,2,8,2,2,0,2,6,2,0,0,2,0,4,0,4,2,0,2,2,0,2,0,0,0,0,0,4,6,0,0,4,4,0,0,4,0,0,4,2,0,2,2,2,4,2,2,0,4,0,2,0,2,0,2,10,0,0,0,0,0,4,4,0,0,0,2,2,4,0,2,0,0,0,2,4,4,0,0,0,2,2,0,2,2,0,0,0,2,2,2,2,2,4,2,0,0,2,6,2,0,4,0,4,0,2
54,2,2,0,2,0,0,2,0,2,0,6,0,4,6,0,0,0,4,2,2,0,2,6,0,0,2,2,0,0,4,0,2,4,0,0,2,0,0,0,2,2,4,0,2,0,0,2,2,2,0,2,0,2,-,0,0,0,2,2,4,4,6,0,0,2,0,2,0,2,0,0,2,0,0,4,2,0,2,0,2,0,0,2,2,0,2,0,0,2,2,0,0,0,0,4,0,2,2,6,0,2,2,2,4,6,2,4,0,0,2,2,2,4,4,2,0,0,0,6,2,2,4,2,2,0,0,2,0,2,2,0,0,0,2,0,4,2,2,4,0,0,2,0,2,0,0,2,0,2,2,2,0,2,6,0,6,2,2,2,0,0,2,0,0,0,0,0,0,2,4,0,2,0,0,4,2,4,0,2,0,4,4,2,0,2,0,0,2,0,0,4,0,0,0,6,2,2,2,2,0
55,0,2,2,0,2,0,2,0,2,2,4,0,0,2,0,0,2,2,0,0,0,0,0,2,0,2,0,4,0,0,0,4,0,0,2,0,4,2,4,0,0,2,2,0,0,0,2,0,2,0,0,0,2,0,-,2,2,0,0,0,2,0,0,4,0,0,0,0,2,0,0,0,0,0,0,2,4,2,2,2,2,0,2,0,0,2,0,2,0,2,0,0,0,2,0,6,4,0,4,2,0,2,2,0,0,0,2,0,0,4,4,2,2,2,0,0,2,0,0,0,0,4,0,0,0,0,0,2,0,2,2,2,0,0,2,4,2,4,0,2,0,0,4,2,0,4,0,2,0,2,0,0,2,2,0,0,0,0,0,0,2,2,2,0,0,0,0,0,2,2,0,0,0,2,0,4,2,4,2,2,2,0,0,2,0,0,0,2,0,0,2,2,2,2,2,2,2,0,0,0
56,0,2,2,2,2,2,0,4,0,2,0,6,2,2,4,2,6,2,2,2,4,0,2,2,2,2,4,0,6,2,0,0,2,0,0,0,0,0,0,4,2,0,2,0,0,0,0,0,0,4,4,2,2,0,2,-,0,2,2,0,2,2,4,4,2,4,0,0,2,0,0,0,2,0,0,6,0,2,4,0,0,4,0,0,4,2,2,2,0,2,0,2,0,6,0,0,4,2,0,0,2,4,0,2,6,2,2,2,0,0,2,2,0,0,2,2,2,0,6,2,0,4,4,0,2,0,2,4,0,0,2,0,2,2,0,4,0,0,4,0,2,0,2,0,4,0,2,2,2,6,2,0,0,4,2,6,0,0,0,2,0,2,2,2,2,0,2,2,0,2,2,0,0,2,0,4,0,0,2,0,4,2,2,2,2,0,6,2,0,2,0,0,4,0,6,2,4,2,0,4
57,2,0,4,2,2,2,2,0,0,0,0,6,2,2,2,6,0,4,2,4,0,0,0,0,4,4,4,2,0,0,2,0,2,4,2,2,4,0,0,4,0,2,2,0,6,0,2,6,0,6,6,2,4,0,2,0,-,0,0,0,2,6,2,2,4,0,2,2,0,0,4,4,2,4,2,2,2,6,2,0,2,0,2,2,0,0,0,2,0,0,2,0,0,4,0,2,2,0,0,2,0,6,2,0,0,0,2,0,2,0,2,2,2,0,2,0,2,2,2,4,0,0,0,0,2,6,0,0,2,2,0,2,0,0,0,0,0,2,4,2,0,0,0,2,2,2,0,0,4,2,2,4,0,0,2,0,4,4,0,4,4,0,2,0,4,2,2,2,0,0,2,0,4,2,0,0,0,2,4,4,2,4,0,0,2,2,0,0,0,0,2,4,0,0,4,2,2,0,0,2
58,2,0,0,4,2,0,0,0,0,2,0,4,2,4,6,0,6,2,0,2,2,0,8,4,2,2,2,2,0,0,0,2,4,2,0,2,6,0,0,2,0,0,0,2,0,2,0,0,0,8,0,0,0,2,0,2,0,-,0,4,2,0,0,0,2,2,6,0,2,2,2,0,0,0,2,2,2,2,2,6,2,8,2,4,0,0,4,4,4,2,2,2,2,2,2,0,4,0,2,0,0,0,2,0,2,2,0,2,4,0,0,2,2,4,0,4,4,2,2,0,0,0,0,6,4,2,6,2,2,2,2,2,2,2,4,2,2,2,2,2,0,2,4,2,4,0,2,0,0,4,0,2,0,4,2,0,0,0,4,4,0,0,0,2,0,6,4,2,0,0,2,0,2,0,0,4,6,0,2,0,0,0,0,0,0,0,2,0,0,4,6,6,2,2,0,4,2,4,2,0
59,2,0,0,0,4,0,0,0,2,2,0,0,0,4,0,2,2,0,2,2,4,2,2,0,0,4,0,0,2,0,2,0,2,2,0,0,6,4,4,0,0,2,0,2,0,0,0,2,0,0,4,2,0,2,0,2,0,0,-,0,0,6,0,6,4,0,0,0,2,0,0,0,4,0,0,4,6,2,2,0,0,0,2,2,2,0,0,0,0,0,0,0,2,2,0,4,2,4,2,0,4,2,4,2,0,2,0,2,2,2,0,2,0,2,0,2,0,2,2,0,0,0,0,0,0,0,2,2,2,2,2,0,2,0,2,0,0,0,2,2,4,0,0,4,2,0,2,2,2,0,0,0,0,0,0,0,6,4,2,0,4,2,0,2,4,0,2,2,2,0,0,0,0,2,4,2,0,0,2,0,2,0,2,4,2,0,0,0,2,2,0,0,2,2,4,0,4,0,2,4
60,0,4,2,0,4,0,2,4,0,0,2,2,0,2,4,2,0,0,2,2,6,0,2,0,2,2,14,6,6,2,2,2,2,4,0,2,2,0,2,6,2,2,2,4,0,2,0,0,4,0,0,2,0,4,0,0,0,4,0,-,4,0,0,0,2,4,0,6,0,0,0,2,0,0,4,0,0,2,4,4,2,2,2,2,4,0,8,0,0,4,2,2,2,2,2,0,2,2,2,0,4,2,0,0,4,0,6,0,0,0,4,0,0,0,4,2,4,0,0,2,10,0,0,0,0,2,2,4,2,0,2,2,4,0,0,2,0,2,2,6,0,2,4,0,0,2,2,2,0,2,4,0,0,2,0,6,2,4,2,0,0,2,2,0,2,2,0,0,0,2,0,6,4,2,0,0,2,0,2,0,0,2,0,0,2,0,4,0,0,4,6,2,2,0,4,2,0,6,2,0
61,2,2,0,2,2,2,2,2,2,2,2,0,2,2,0,0,0,0,2,0,0,2,6,4,0,0,0,2,2,0,2,2,0,0,0,0,2,0,6,2,0,4,0,0,6,2,2,0,4,2,2,0,6,4,2,2,2,2,0,4,-,2,0,4,0,0,2,0,2,0,2,2,2,4,6,2,0,2,0,2,2,0,2,2,0,4,0,0,0,4,0,0,0,0,0,2,2,2,0,0,0,2,4,0,8,8,2,2,0,0,2,0,0,2,2,0,4,0,2,0,2,4,0,0,0,0,0,0,0,0,0,0,0,0,0,2,6,4,0,0,2,0,0,0,0,2,4,0,2,4,2,0,2,0,0,2,2,2,0,2,0,0,2,2,2,0,0,6,2,4,0,6,2,2,2,0,8,2,0,0,0,6,0,0,2,6,0,0,2,2,0,0,0,0,2,2,2,0,0,2
62,0,0,4,2,4,0,0,0,0,0,2,2,4,2,2,2,2,0,2,6,4,2,6,0,2,2,2,0,0,0,0,0,0,2,2,2,0,0,0,0,2,0,2,0,2,0,2,8,0,0,2,2,2,6,0,2,6,0,6,0,2,-,2,0,4,2,2,0,0,0,2,0,2,0,2,0,0,6,2,2,4,0,2,2,2,0,0,0,2,6,0,0,2,6,2,2,2,2,0,0,2,0,0,2,4,2,2,2,2,0,0,4,4,0,2,0,6,0,0,2,2,0,2,0,4,0,0,0,2,4,0,0,2,2,2,0,4,0,2,0,0,0,2,4,2,0,4,0,0,0,0,0,4,2,2,2,2,2,0,0,0,0,2,0,2,0,0,0,4,0,0,4,2,0,4,0,0,0,0,0,0,4,0,0,0,0,0,2,2,2,0,2,0,4,2,0,4,2,0,2
63,0,2,0,0,2,2,4,0,0,0,0,4,0,0,0,0,0,2,2,0,2,0,2,2,0,4,0,0,2,2,0,0,0,0,0,0,0,0,2,0,2,2,0,2,0,0,2,2,0,2,0,4,0,0,0,4,2,0,0,0,0,2,-,0,2,0,4,0,0,2,0,2,0,0,0,2,2,0,0,0,0,2,4,2,0,4,0,0,0,2,0,0,0,2,0,4,0,0,0,2,2,2,0,2,2,2,4,6,0,0,0,0,4,0,0,0,2,2,0,2,4,0,0,0,0,0,2,2,2,6,2,0,0,2,0,2,2,0,0,0,0,2,0,0,2,4,0,2,0,0,2,2,0,2,2,0,0,0,4,0,0,0,0,0,2,2,0,2,2,0,0,0,0,2,0,4,2,2,0,2,0,0,0,0,0,2,2,2,0,2,0,2,0,0,4,0,2,0,0,2
64,6,2,2,6,0,0,0,0,0,4,2,2,6,0,2,6,6,2,2,0,4,2,0,6,0,2,0,2,6,2,2,4,2,0,2,2,8,4,0,0,0,0,0,2,2,4,0,4,6,0,0,0,4,0,4,4,2,0,6,0,4,0,0,-,6,0,0,0,2,0,0,0,0,2,0,0,2,2,2,4,0,0,0,4,2,0,0,2,0,4,2,2,4,0,0,4,2,2,2,0,2,6,2,2,2,4,0,0,2,0,0,2,2,0,2,2,4,4,2,0,0,2,4,0,2,4,0,2,4,2,2,2,2,0,4,0,2,0,0,0,0,2,0,2,0,2,0,0,2,0,0,0,0,0,0,4,6,2,0,2,4,0,2,6,2,0,0,0,2,2,0,2,4,2,2,2,2,2,4,2,2,0,0,4,4,0,0,6,0,2,0,0,2,2,0,0,0,2,0,0
65,2,0,0,4,2,2,0,2,0,2,2,0,2,2,4,0,0,0,0,2,2,2,6,0,0,0,4,0,0,0,0,0,8,2,2,2,2,4,4,2,2,0,2,0,4,0,0,0,0,2,0,6,2,2,0,2,4,2,4,2,0,4,2,6,-,2,2,2,0,0,0,2,0,2,4,0,4,2,0,2,2,0,2,6,2,0,0,0,2,0,0,2,0,4,0,0,2,0,2,2,2,4,4,4,2,0,4,2,2,0,0,0,0,2,4,2,0,10,0,0,6,4,2,2,6,2,0,4,4,0,0,0,2,2,2,0,0,2,0,0,2,4,0,2,4,4,2,0,0,0,2,6,4,4,0,0,2,0,0,0,2,0,0,2,0,2,2,2,6,0,0,0,10,4,0,2,4,2,2,0,0,2,0,4,6,0,0,4,0,0,2,6,0,2,2,6,0,6,2,2
66,2,2,0,2,0,0,2,2,4,0,4,2,0,0,4,0,2,0,0,0,0,0,2,2,6,0,0,2,6,0,2,2,0,0,0,4,4,2,0,0,2,0,2,2,0,2,0,0,4,4,0,10,4,0,0,4,0,2,0,4,0,2,0,0,2,-,4,2,2,2,0,0,0,0,2,0,0,0,4,6,0,2,0,0,4,0,4,0,4,2,4,6,2,0,4,0,8,4,0,2,4,0,0,2,4,2,0,2,0,0,2,2,0,0,0,0,0,6,2,2,0,4,2,0,2,0,2,0,2,2,0,0,2,2,2,4,0,4,4,4,6,6,4,0,0,6,2,4,0,2,2,0,0,0,2,0,0,0,2,2,0,2,4,2,0,4,0,0,2,0,4,0,4,0,2,0,2,0,4,0,0,0,0,0,0,0,0,0,0,0,0,2,4,0,6,0,2,2,0,0
67,0,0,0,0,0,2,4,0,0,2,0,2,2,0,0,0,0,2,2,0,0,2,4,4,0,0,2,0,0,2,0,0,2,2,2,4,2,2,0,0,0,4,0,2,0,4,4,0,2,0,2,2,6,2,0,0,2,6,0,0,2,2,4,0,2,4,-,0,0,2,0,2,0,0,2,2,0,0,2,0,0,4,0,0,0,0,2,0,0,0,0,2,0,2,0,4,2,2,4,0,0,0,0,2,2,0,0,2,0,0,2,0,4,2,0,0,0,0,0,4,0,0,6,4,0,2,0,0,0,6,0,0,0,4,0,2,0,0,2,4,2,0,2,2,2,6,0,2,0,0,2,0,2,0,2,2,4,2,0,2,0,0,0,0,0,0,2,0,0,0,0,2,2,2,2,2,2,0,2,2,2,0,2,0,0,0,0,0,2,0,0,0,0,2,2,4,0,0,2,2
68,0,2,2,0,2,0,0,6,2,2,2,2,2,2,0,0,2,2,0,0,2,2,2,0,2,2,2,0,4,2,2,0,0,2,0,2,4,2,0,4,0,2,2,0,0,2,0,2,0,2,0,0,4,0,0,0,2,0,0,6,0,0,0,0,2,2,0,-,2,4,0,8,2,4,2,0,0,0,6,0,2,4,0,0,2,2,6,2,0,0,0,0,2,0,0,0,0,2,2,0,2,2,8,2,2,2,2,4,0,2,2,2,0,0,4,0,0,0,0,2,4,2,0,0,2,2,2,4,2,2,0,2,2,4,2,0,0,2,2,2,6,0,6,2,0,2,0,2,0,2,2,2,0,2,0,0,0,4,0,0,0,0,2,4,2,2,0,2,0,0,2,2,0,0,2,2,0,0,0,0,0,0,0,0,2,2,4,2,4,0,8,2,2,6,2,0,0,2,0,0
69,0,0,2,0,2,0,2,2,2,4,0,0,0,4,2,0,2,2,2,0,2,2,0,0,2,2,0,0,0,2,2,0,2,2,4,4,2,2,0,6,0,0,0,2,0,0,0,0,0,4,0,0,0,2,2,2,0,2,2,0,2,0,0,2,0,2,0,2,-,4,0,0,2,2,0,0,2,0,0,0,2,4,2,2,2,0,0,0,6,4,0,0,0,0,0,2,2,0,0,2,0,2,0,0,4,0,2,0,0,2,0,0,2,2,0,2,4,0,0,2,0,2,0,2,2,0,4,0,4,2,0,0,2,0,2,2,0,0,2,0,0,2,0,2,0,2,2,0,2,2,0,0,0,4,0,0,0,0,0,0,0,2,0,2,0,2,2,0,0,4,4,2,2,2,0,0,0,0,0,0,0,4,2,2,2,0,2,6,0,2,2,0,0,2,0,0,0,0,0,0
70,0,2,2,0,2,2,2,0,2,2,2,2,0,2,2,2,0,0,0,0,0,2,4,0,0,0,0,2,0,2,0,0,0,0,0,4,0,0,2,4,2,0,0,0,0,0,2,0,2,2,0,6,2,0,0,0,0,2,0,0,0,0,2,0,0,2,2,4,4,-,0,4,2,2,0,0,2,0,2,2,4,4,2,4,6,2,2,2,0,0,0,2,4,0,0,0,2,2,2,2,0,2,0,0,0,2,0,0,0,2,2,6,2,0,0,2,0,0,0,2,2,4,2,2,4,0,4,0,6,6,0,0,0,0,2,2,4,2,0,0,0,2,0,4,2,0,0,0,2,2,0,2,0,0,4,4,0,2,2,0,2,0,2,2,0,0,4,2,0,0,4,0,0,0,0,0,0,0,0,4,0,0,0,0,2,2,0,0,2,0,2,0,4,0,2,0,4,2,2,0
71,0,2,0,0,0,0,0,2,0,0,2,0,4,0,0,0,2,0,0,0,0,0,2,0,0,0,2,4,0,0,0,0,2,0,2,2,2,2,0,2,0,0,4,0,0,0,4,0,0,2,0,0,0,0,0,0,4,2,0,0,2,2,0,0,0,0,0,0,0,0,-,6,0,2,0,0,0,0,0,2,0,0,4,4,0,0,0,0,2,2,0,0,2,0,2,2,0,0,0,0,0,0,2,2,0,2,2,0,0,0,2,2,0,0,2,2,0,2,0,0,0,0,0,0,2,2,0,2,0,2,2,0,2,0,0,0,0,2,2,0,0,0,2,0,0,0,0,0,2,2,2,0,0,2,2,0,4,2,0,0,0,2,2,0,2,0,0,0,0,0,4,4,0,0,2,0,4,0,0,2,4,2,0,2,2,0,0,2,2,2,2,0,0,0,4,4,0,2,0,0
72,0,4,0,0,6,0,0,0,4,2,8,2,4,0,0,0,0,2,2,2,0,2,2,4,0,2,4,2,2,2,0,0,0,0,0,2,0,2,0,4,2,4,0,2,0,2,0,2,0,0,0,2,0,2,0,0,4,0,0,2,2,0,2,0,2,0,2,8,0,4,6,-,0,2,2,0,4,0,0,0,0,0,2,0,2,8,2,0,0,0,0,0,2,0,0,0,2,0,4,2,0,2,4,0,0,0,0,0,0,0,2,6,4,4,0,2,2,4,2,2,0,2,2,0,4,2,2,2,6,0,2,0,2,0,0,0,2,0,2,2,0,0,0,0,0,4,2,2,0,2,4,2,2,0,4,0,2,0,0,0,0,2,0,0,2,0,0,2,0,0,4,2,6,0,2,0,4,2,0,4,4,0,2,4,4,2,0,2,0,2,4,0,0,2,2,0,2,2,2,0
73,0,2,0,2,0,0,0,2,2,0,0,0,4,0,2,2,0,2,0,0,0,0,0,2,2,0,0,0,0,4,0,2,2,2,4,2,2,0,2,2,0,0,0,4,2,2,2,2,0,0,2,0,2,0,0,2,2,0,4,0,2,2,0,0,0,0,0,2,2,2,0,0,-,0,2,0,2,0,0,0,0,2,0,0,2,2,0,0,0,2,0,0,0,8,6,2,2,0,2,0,4,0,0,0,2,0,4,4,2,0,0,8,4,0,4,2,2,0,0,0,2,2,4,2,0,0,2,0,0,0,0,2,2,2,0,0,0,4,0,2,4,0,0,0,2,0,0,2,0,0,0,0,2,2,0,4,0,0,2,4,0,0,2,2,0,0,0,0,2,2,0,4,2,0,4,2,0,0,0,2,0,0,0,2,0,0,8,4,4,4,0,0,0,0,0,0,2,2,0,0
74,0,2,2,0,4,4,2,4,0,0,0,0,2,4,2,2,0,6,0,2,4,0,4,2,0,0,6,2,0,2,2,0,0,4,0,4,2,0,4,2,2,0,0,2,8,2,2,0,0,0,0,2,0,0,0,0,4,0,0,0,4,0,0,2,2,0,0,4,2,2,2,2,0,-,2,0,0,0,0,0,0,2,2,0,2,0,0,0,2,2,0,2,0,0,0,0,0,0,0,2,4,0,2,0,0,4,2,0,0,0,0,0,0,0,0,2,0,0,0,0,2,0,4,2,0,4,2,0,2,0,0,4,0,0,2,0,2,2,0,2,0,0,2,0,0,4,0,0,0,0,0,0,2,0,0,2,2,4,0,2,0,4,0,2,0,0,2,4,0,2,2,0,0,2,0,4,4,2,2,0,2,2,0,0,0,2,2,0,0,0,4,4,4,4,0,2,0,0,0,2
75,0,0,0,0,0,0,2,0,0,0,0,2,0,2,4,0,0,0,0,4,2,0,0,0,0,4,4,2,4,2,0,2,2,0,0,0,4,2,4,4,0,0,0,0,4,0,2,2,2,4,0,0,4,4,0,0,2,2,0,4,6,2,0,0,4,2,2,2,0,0,0,2,2,2,-,4,0,2,0,2,4,4,2,2,2,0,2,2,2,0,0,4,4,0,4,0,4,0,0,0,0,8,2,0,4,2,2,4,2,0,4,2,0,0,0,2,0,0,2,0,6,0,2,0,0,4,0,0,2,2,2,0,0,0,4,0,2,4,4,2,0,0,0,0,0,4,2,0,0,4,2,0,0,2,0,2,2,0,0,2,2,0,0,2,0,0,0,0,4,4,2,4,0,2,0,0,4,4,0,2,8,2,0,2,2,4,2,0,2,0,0,2,0,2,0,2,0,4,2,0
76,0,2,0,0,2,2,0,0,2,2,6,0,0,2,0,0,2,0,0,2,0,4,2,2,2,0,0,0,4,0,0,2,0,0,0,0,2,2,4,2,4,4,2,2,4,0,0,0,4,0,0,2,2,2,2,6,2,2,4,0,2,0,2,0,0,0,2,0,0,0,0,0,0,0,4,-,0,0,0,2,0,2,0,0,0,2,4,2,2,0,0,2,0,4,2,2,4,6,0,4,6,4,2,0,2,2,6,4,0,4,2,2,2,4,0,2,0,0,0,2,0,0,4,0,2,0,0,4,2,0,2,0,0,0,0,4,0,0,2,2,4,0,2,0,0,0,2,0,2,0,0,0,2,2,0,0,6,2,4,0,2,0,2,0,2,2,0,0,2,0,0,0,0,0,0,0,0,0,2,0,4,0,4,4,2,6,2,4,0,4,2,0,2,2,2,2,0,4,2,6
77,4,2,2,2,0,0,0,2,0,2,4,2,0,2,2,0,0,2,0,2,0,0,2,2,6,2,0,0,0,0,0,0,4,0,2,2,4,2,2,2,0,0,0,0,0,2,0,2,0,0,4,0,0,0,4,0,2,2,6,0,0,0,2,2,4,0,0,0,2,2,0,4,2,0,0,0,-,4,2,2,2,0,0,2,0,0,0,0,0,2,2,0,0,4,4,2,0,0,0,0,0,0,0,2,2,2,2,0,2,2,2,0,2,6,2,0,2,4,0,0,0,2,4,4,0,0,2,0,2,0,0,2,2,0,2,2,2,0,2,0,0,0,0,0,0,2,0,0,4,0,0,2,2,0,2,0,0,0,2,0,2,2,0,0,0,0,0,0,4,2,2,2,0,2,2,6,2,0,2,2,4,0,2,2,2,0,6,2,0,0,4,0,0,2,0,2,0,0,0,4
78,0,2,2,0,2,0,0,0,4,2,0,4,0,0,2,0,4,0,4,0,2,0,2,0,2,0,2,0,0,4,2,0,0,2,0,2,4,0,2,0,4,2,2,0,2,0,2,4,2,4,0,2,0,2,2,2,6,2,2,2,2,6,0,2,2,0,0,0,0,0,0,0,0,0,2,0,4,-,2,2,4,0,0,0,0,2,2,2,0,4,0,2,0,4,2,2,0,0,0,0,0,2,0,0,4,4,4,0,2,0,0,0,2,0,2,0,0,2,0,0,0,0,2,2,2,0,0,0,2,2,0,0,0,0,0,2,2,0,2,4,0,0,4,8,2,0,0,0,4,2,2,4,0,0,2,2,0,4,4,2,2,2,2,0,0,4,0,2,4,0,2,0,2,2,0,0,2,2,4,4,4,2,2,0,4,2,0,0,0,2,0,2,2,2,2,0,0,0,2,0
79,0,0,2,0,0,0,0,4,0,0,2,0,0,0,0,4,2,0,6,2,0,4,4,2,0,0,0,0,2,2,2,0,2,4,0,0,4,2,0,0,2,0,2,2,0,0,0,4,0,2,2,0,2,0,2,4,2,2,2,4,0,2,0,2,0,4,2,6,0,2,0,0,0,0,0,0,2,2,-,4,2,6,0,2,0,0,0,0,2,2,0,0,4,6,0,4,0,4,0,0,0,2,0,4,2,0,2,2,2,0,0,0,0,0,4,0,0,4,2,0,2,0,0,0,4,0,4,2,4,0,0,0,2,0,4,4,0,0,2,0,4,0,2,6,0,2,0,0,0,0,4,2,0,4,0,4,0,6,0,6,2,4,0,2,4,2,2,2,4,4,0,0,2,2,0,0,0,0,2,4,2,2,4,0,0,0,0,0,6,0,0,2,2,0,4,2,6,4,0,0
80,0,0,2,2,2,0,0,0,0,0,6,0,0,4,6,2,4,2,2,0,2,2,2,0,2,2,0,2,4,6,0,0,0,2,0,0,6,2,0,0,4,2,0,0,2,0,0,0,4,0,0,2,0,2,2,0,0,6,0,4,2,2,0,4,2,6,0,0,0,2,2,0,0,0,2,2,2,2,4,-,4,0,0,2,2,0,2,0,4,6,4,6,6,4,4,0,4,2,4,4,2,4,2,0,4,4,0,0,2,2,2,0,2,4,0,2,0,4,4,0,0,0,0,6,2,0,2,2,0,0,2,0,4,2,2,2,2,2,2,0,4,0,6,2,2,2,4,2,4,0,2,4,0,2,4,2,0,0,6,0,2,0,0,0,2,4,2,4,0,2,2,0,2,2,2,0,2,0,0,2,0,2,2,0,0,0,0,0,2,0,2,8,4,0,0,0,2,4,0,0
81,0,2,4,2,0,2,2,2,0,0,2,0,2,2,2,4,0,2,0,4,2,2,0,4,2,4,2,6,0,2,0,2,0,2,2,2,4,6,0,2,4,4,4,0,4,0,2,4,4,2,0,0,6,0,2,0,2,2,0,2,2,4,0,0,2,0,0,2,2,4,0,0,0,0,4,0,2,4,2,4,-,4,2,2,2,0,0,4,2,2,0,8,2,0,2,0,0,4,0,0,0,6,6,2,2,4,2,2,0,2,6,0,0,6,0,0,6,0,0,0,2,0,0,2,2,4,4,2,4,2,0,0,0,2,2,0,6,4,0,2,0,4,4,2,4,0,6,0,6,2,4,8,0,0,0,0,0,4,0,4,2,2,2,4,0,0,2,2,6,2,4,4,2,4,2,6,6,2,0,2,2,0,2,0,2,6,0,0,0,0,6,4,0,4,0,0,0,4,0,2
82,0,2,6,0,4,2,0,0,0,2,2,6,2,0,2,4,0,2,4,2,4,2,0,2,0,0,2,2,0,2,6,0,2,0,0,2,2,2,2,0,0,2,2,2,4,0,2,0,0,2,2,0,0,0,0,4,0,8,0,2,0,0,2,0,0,2,4,4,4,4,0,0,2,2,4,2,0,0,6,0,4,-,2,2,2,2,2,2,2,2,2,8,2,2,2,0,6,2,2,4,4,2,0,0,8,0,0,4,0,0,0,2,2,2,2,0,4,0,4,2,0,0,4,4,6,2,4,0,2,2,0,0,0,0,0,2,0,4,0,0,4,0,4,0,4,2,0,2,2,6,2,0,2,4,0,0,2,2,8,6,4,2,0,0,0,2,4,2,2,4,0,0,2,0,2,4,2,0,2,4,4,2,0,4,0,0,4,0,0,2,2,0,0,0,0,0,0,0,0,0
83,0,4,0,0,4,4,2,2,2,0,2,4,4,2,0,2,2,4,2,4,4,2,2,0,0,6,2,4,4,0,0,0,2,0,4,0,2,0,0,0,4,2,2,4,0,0,2,0,0,2,2,2,4,2,2,0,2,2,2,2,2,2,4,0,2,0,0,0,2,2,4,2,0,2,2,0,0,0,0,0,2,2,-,6,0,6,0,0,4,2,0,2,6,0,2,2,0,4,2,0,6,6,0,0,2,0,4,2,2,4,2,0,4,2,8,4,0,2,4,0,0,0,0,2,0,6,0,0,4,4,2,0,0,2,2,2,6,2,4,2,0,0,2,2,2,0,0,0,4,6,2,4,0,0,2,2,2,2,2,0,12,4,4,0,2,0,6,2,0,2,2,4,4,0,2,0,4,0,0,2,0,0,0,2,2,0,2,4,2,0,0,0,2,4,0,4,4,0,2,4
84,0,2,2,2,2,0,2,0,0,4,2,2,4,2,2,0,0,2,0,2,4,2,6,0,0,4,8,2,2,0,0,2,2,0,2,0,6,0,4,2,0,0,2,0,2,4,0,2,2,0,0,0,0,2,0,0,2,4,2,2,2,2,2,4,6,0,0,0,2,4,4,0,0,0,2,0,2,0,2,2,2,2,6,-,2,0,4,0,2,2,0,0,0,2,2,0,2,2,4,2,2,2,0,4,0,2,2,2,2,0,2,2,0,0,4,0,2,2,2,6,2,4,4,2,6,2,0,4,0,4,4,0,0,2,2,2,2,0,4,4,4,2,4,4,2,0,0,0,2,2,4,2,0,0,2,2,4,4,0,0,4,2,2,0,2,0,0,0,0,4,2,2,4,4,4,2,6,0,2,4,0,2,0,2,0,2,0,4,0,0,4,0,0,0,0,0,0,2,0,0
85,0,0,0,0,4,0,2,2,2,2,0,6,4,2,0,0,4,0,4,2,0,0,0,2,0,0,2,2,4,0,0,0,0,0,0,2,0,0,2,2,4,0,0,4,2,4,0,0,2,4,6,4,0,0,0,4,0,0,2,4,0,2,0,2,2,4,0,2,2,6,0,2,2,2,2,0,0,0,0,2,2,2,0,2,-,2,2,0,2,2,0,2,2,4,2,0,2,4,2,0,2,2,2,0,2,0,0,0,0,0,0,2,0,0,2,0,4,4,0,0,2,2,4,0,0,2,0,0,0,4,4,0,0,2,0,0,4,2,0,0,0,2,0,2,2,4,4,0,4,2,2,2,0,2,4,2,0,4,0,2,0,2,2,4,4,2,2,4,0,0,4,2,0,0,2,4,4,0,4,2,2,2,0,0,2,0,2,2,0,0,4,4,2,0,2,0,2,0,2,0
86,0,2,0,0,0,2,0,2,2,2,4,4,0,0,0,2,0,2,2,0,2,0,2,0,0,0,0,0,4,0,2,0,2,2,0,0,0,0,0,2,2,0,0,2,0,0,2,0,2,4,0,4,0,2,2,2,0,0,0,0,4,0,4,0,0,0,0,2,0,2,0,8,2,0,0,2,0,2,0,0,0,2,6,0,2,-,0,2,0,6,0,4,0,2,2,2,0,0,2,0,0,2,0,0,2,2,6,2,0,0,0,0,2,0,2,0,2,0,2,0,0,0,0,0,2,0,0,0,8,0,2,0,0,0,4,4,2,2,2,4,2,0,2,2,4,0,0,0,4,0,2,0,2,0,4,0,2,0,2,0,0,2,2,0,0,0,2,4,0,0,0,0,2,0,0,2,0,0,0,0,0,2,4,2,2,2,4,0,4,2,0,0,0,4,2,2,6,4,4,0
87,0,0,0,2,0,0,0,0,0,0,0,0,2,2,0,0,4,0,0,0,2,0,0,2,2,0,4,2,0,0,0,6,0,0,0,0,2,0,2,0,2,0,2,2,0,2,0,6,4,0,0,0,2,0,0,2,0,4,0,8,0,0,0,0,0,4,2,6,0,2,0,2,0,0,2,4,0,2,0,2,0,2,0,4,2,0,-,0,0,0,2,2,0,0,4,0,2,2,2,4,2,2,2,0,2,2,2,2,4,2,2,6,0,2,2,4,0,0,2,2,4,8,0,2,2,2,4,2,0,0,2,0,2,4,0,0,0,2,4,4,2,2,4,4,0,2,0,2,0,0,2,0,0,2,2,0,0,2,0,0,0,0,0,0,4,0,0,0,0,0,0,0,0,2,0,0,0,0,2,0,2,4,0,0,0,2,0,2,0,6,2,0,0,2,2,0,0,4,0,0
88,0,0,2,2,0,2,2,0,0,2,0,0,2,2,2,4,0,2,2,2,2,0,0,0,0,0,0,2,0,2,0,0,2,4,0,0,4,2,0,2,2,0,0,0,0,0,0,0,0,2,2,0,0,0,2,2,2,4,0,0,0,0,0,2,0,0,0,2,0,2,0,0,0,0,2,2,0,2,0,0,4,2,0,0,0,2,0,-,0,0,0,2,0,4,0,2,0,2,2,0,0,0,0,0,0,2,0,0,2,0,0,0,0,0,0,2,2,0,2,2,2,4,2,2,4,2,4,0,2,0,2,0,0,0,2,4,2,0,4,0,0,0,0,4,0,0,2,0,2,0,2,2,0,6,4,0,0,2,0,0,0,4,6,2,0,0,2,2,0,0,0,0,0,0,2,2,0,0,2,0,0,6,0,2,0,0,2,0,2,4,4,2,0,2,0,2,0,0,2,0
89,2,2,0,0,0,0,0,2,2,0,0,0,6,4,2,0,0,0,8,0,0,0,8,0,4,6,0,0,4,0,0,2,4,2,0,2,4,0,0,0,2,0,4,0,4,2,0,0,2,2,2,0,2,2,0,0,0,4,0,0,0,2,0,0,2,4,0,0,6,0,2,0,0,2,2,2,0,0,2,4,2,2,4,2,2,0,0,0,-,8,0,4,2,2,2,0,4,2,0,0,0,4,0,0,2,0,2,0,0,0,2,0,0,4,0,0,2,0,0,0,0,2,4,2,0,0,4,4,0,0,0,4,4,0,0,2,8,4,4,0,0,0,2,2,0,4,6,2,0,8,2,0,2,0,0,0,2,4,4,0,0,2,2,0,4,2,2,0,2,2,2,4,6,0,0,2,0,0,2,0,2,2,0,0,0,2,2,2,2,0,2,2,2,0,0,4,0,2,0,0
90,0,0,0,2,2,2,4,2,0,0,2,4,4,0,2,0,2,0,6,2,0,0,4,0,0,2,6,0,0,4,2,2,0,0,2,0,6,0,0,6,4,0,2,0,6,0,2,0,6,4,0,0,0,2,2,2,0,2,0,4,4,6,2,4,0,2,0,0,4,0,2,0,2,2,0,0,2,4,2,6,2,2,2,2,2,6,0,0,8,-,0,2,0,0,2,0,2,2,0,0,0,2,2,0,2,2,2,0,0,0,0,2,2,0,2,4,2,2,4,0,4,4,2,2,2,0,2,2,4,0,0,2,4,0,0,4,2,0,4,0,0,0,0,0,0,4,0,2,0,6,4,0,2,0,2,2,4,2,0,2,2,0,2,0,0,0,0,2,0,6,0,8,2,6,2,2,4,2,2,0,4,2,2,0,2,0,0,4,0,2,2,0,0,0,2,2,0,10,0,0
91,4,0,2,2,0,2,2,2,0,2,0,2,0,0,0,0,0,0,0,0,0,0,0,4,0,0,0,0,2,0,0,0,0,2,0,2,0,4,0,0,0,0,2,4,2,2,2,0,0,2,0,0,4,0,0,0,2,2,0,2,0,0,0,2,0,4,0,0,0,0,0,0,0,0,0,0,2,0,0,4,0,2,0,0,0,0,2,0,0,0,-,0,2,2,0,0,0,2,2,0,6,0,0,0,0,0,4,0,4,0,2,2,2,4,0,2,2,0,2,0,0,0,2,2,0,0,2,0,0,2,2,0,0,0,0,2,0,0,4,4,4,4,0,0,0,0,0,0,0,4,0,0,2,0,4,0,0,0,0,0,2,0,0,0,2,2,2,2,2,2,8,2,0,2,2,4,0,0,0,0,0,0,2,0,0,0,2,2,2,0,2,0,2,0,0,0,0,0,0,0
92,0,0,4,2,0,0,2,0,2,2,2,4,2,0,2,2,0,0,0,0,2,2,0,0,2,6,2,0,4,2,2,2,4,4,0,4,4,6,0,0,0,4,0,6,0,4,0,2,4,0,2,0,0,0,0,2,0,2,0,2,0,0,0,2,2,6,2,0,0,2,0,0,0,2,4,2,0,2,0,6,8,8,2,0,2,4,2,2,4,2,0,-,4,4,2,0,4,2,6,2,4,8,0,0,2,4,2,2,0,2,2,4,2,2,2,4,0,2,4,0,2,2,0,0,4,2,2,2,0,2,4,0,2,0,2,4,2,4,4,0,2,4,0,4,0,4,2,0,0,6,0,0,0,2,0,0,2,0,2,0,4,0,0,2,0,0,2,2,4,0,0,0,2,2,0,6,2,0,0,0,4,0,0,0,0,0,0,4,2,2,0,4,2,0,0,0,2,4,0,0
93,0,0,2,2,0,0,0,0,0,0,2,0,2,2,4,4,8,2,4,2,2,0,2,0,0,2,0,2,0,0,0,2,2,0,0,4,0,0,2,4,2,0,2,4,2,2,2,0,0,2,2,0,2,0,0,0,0,2,2,2,0,2,0,4,0,2,0,2,0,4,2,2,0,0,4,0,0,0,4,6,2,2,6,0,2,0,0,0,2,0,2,4,-,2,0,2,0,2,6,2,0,4,0,0,4,0,2,2,0,2,10,2,2,2,0,0,0,0,0,0,0,0,0,0,0,0,2,0,0,2,2,0,2,0,0,0,0,2,2,2,4,0,4,2,2,4,0,2,2,2,0,4,0,2,4,0,6,2,2,0,4,2,0,0,4,0,6,2,0,0,0,2,0,2,0,4,0,2,0,4,4,0,2,0,2,0,2,0,0,2,0,2,0,0,0,2,2,0,0,0
94,0,2,0,2,0,6,0,0,0,0,0,4,2,2,2,2,4,0,4,0,0,2,0,0,2,0,2,2,0,0,0,0,6,4,0,0,4,0,2,2,4,4,2,2,0,2,0,2,0,0,2,2,2,0,2,6,4,2,2,2,0,6,2,0,4,0,2,0,0,0,0,0,8,0,0,4,4,4,6,4,0,2,0,2,4,2,0,4,2,0,2,4,2,-,2,2,0,0,8,0,4,6,2,0,0,2,2,2,0,0,0,2,2,2,2,0,2,4,4,0,2,2,0,4,2,2,2,0,0,0,6,0,2,0,2,2,0,2,2,0,0,4,2,6,8,6,2,0,6,6,2,4,0,2,2,2,4,2,2,4,0,0,0,0,2,2,0,0,0,2,0,0,0,0,0,8,0,2,2,2,0,0,0,0,0,2,6,8,8,0,4,2,0,0,0,4,4,0,0,0
95,0,2,2,0,2,0,2,2,4,2,0,2,2,0,0,0,0,0,0,0,0,2,2,2,4,2,0,6,0,2,2,6,0,0,6,2,0,4,2,0,0,2,0,2,2,0,2,4,2,2,4,2,2,4,0,0,0,2,0,2,0,2,0,0,0,4,0,0,0,0,2,0,6,0,4,2,4,2,0,4,2,2,2,2,2,2,4,0,2,2,0,2,0,2,-,0,2,0,0,0,2,6,2,0,0,2,0,0,0,2,0,2,6,4,4,2,0,2,0,2,2,2,2,4,0,0,2,2,2,4,0,0,0,2,6,2,0,6,4,4,2,0,4,2,4,2,2,0,0,2,0,0,4,0,2,2,4,2,0,0,2,0,2,2,2,0,4,2,2,0,2,0,2,0,4,0,4,0,4,0,10,4,0,2,0,0,2,0,2,0,4,0,2,2,2,0,2,2,0,0
96,2,0,2,2,2,0,2,0,0,0,0,2,2,0,2,0,2,0,0,2,0,2,0,2,0,0,0,2,2,2,0,0,0,4,0,2,2,0,2,0,0,2,0,2,4,0,2,2,0,0,0,0,2,0,6,0,2,0,4,0,2,2,4,4,0,0,4,0,2,0,2,0,2,0,0,2,2,2,4,0,0,0,2,0,0,2,0,2,0,0,0,0,2,2,0,-,0,2,2,2,2,0,0,4,0,0,4,0,0,4,0,0,0,2,4,2,2,2,0,2,0,0,0,2,0,2,4,0,2,2,6,2,2,0,2,0,2,2,0,2,0,0,0,0,2,4,2,0,0,0,0,4,2,0,4,2,4,4,0,0,2,2,0,2,2,0,0,0,2,0,0,2,0,0,2,2,0,0,0,2,4,2,2,6,0,0,0,0,0,4,0,0,0,2,0,0,0,0,0,2
97,0,4,0,0,0,4,0,0,0,2,2,4,0,2,4,2,0,2,0,4,0,0,4,2,2,0,0,2,4,0,2,4,0,0,2,2,2,0,0,6,0,0,0,0,0,0,0,4,2,2,0,2,8,2,4,4,2,4,2,2,2,2,0,2,2,8,2,0,2,2,0,2,2,0,4,4,0,0,0,4,0,6,0,2,2,0,2,0,4,2,0,4,0,0,2,0,-,0,0,0,0,4,4,0,2,0,2,2,0,0,0,6,2,4,0,0,2,6,2,2,0,0,2,2,2,4,4,2,4,2,0,2,4,0,2,4,2,6,2,2,6,0,0,2,2,4,0,2,4,4,4,0,0,0,4,2,0,6,4,4,2,0,2,0,4,0,0,4,0,2,4,0,6,0,0,0,2,4,0,2,2,2,2,0,4,0,2,0,0,0,0,0,2,0,0,0,2,0,0,0
98,0,0,2,4,0,0,0,0,0,2,0,2,2,0,2,2,2,0,2,0,6,4,4,4,0,0,0,2,0,2,0,0,0,0,2,2,0,2,0,2,8,2,0,0,2,2,2,2,2,2,4,0,2,2,0,2,0,0,4,2,2,2,0,2,0,4,2,2,0,2,0,0,0,0,0,6,0,0,4,2,4,2,4,2,4,0,2,2,2,2,2,2,2,0,0,2,0,-,0,0,2,2,2,2,4,2,0,2,2,4,2,2,0,2,8,0,4,0,6,0,2,0,2,0,2,2,2,4,2,4,4,2,0,0,0,2,0,0,2,0,4,4,0,0,2,4,0,0,4,0,2,2,0,0,0,4,2,6,0,0,2,0,0,0,4,2,8,0,2,4,0,2,0,2,0,0,0,2,0,4,0,2,0,4,0,0,2,0,2,4,0,0,0,2,2,0,0,0,0,2
99,0,2,4,2,0,0,6,0,0,0,2,4,4,2,2,2,0,2,2,0,0,2,4,0,0,0,4,2,0,0,2,2,2,0,0,4,2,2,0,2,0,0,0,8,2,2,0,0,2,2,2,0,2,6,4,0,0,2,2,2,0,0,0,2,2,0,4,2,0,2,0,4,2,0,0,0,0,0,0,4,0,2,2,4,2,2,2,2,0,0,2,6,6,8,0,2,0,0,-,6,4,4,0,2,2,0,2,2,4,2,4,4,6,0,0,2,0,2,4,2,0,2,0,4,4,0,0,0,0,0,0,0,2,2,0,4,0,0,4,4,0,2,0,2,4,2,0,2,0,2,0,2,0,2,0,0,4,2,4,0,2,4,0,0,0,2,2,0,0,6,0,0,0,6,2,2,2,0,4,2,2,0,2,2,2,0,0,2,2,0,2,6,0,0,0,0,2,2,2,0
100,0,0,4,4,2,0,4,0,2,0,4,4,6,4,2,4,0,2,4,2,0,0,2,0,2,0,2,0,2,0,0,2,0,4,0,2,2,0,2,0,2,0,0,2,2,2,2,0,2,0,0,2,0,0,2,0,2,0,0,0,0,0,2,0,2,2,0,0,2,2,0,2,0,2,0,4,0,0,0,4,0,4,0,2,0,0,4,0,0,0,0,2,2,0,0,2,0,0,6,-,2,2,2,0,0,0,0,0,2,2,4,0,2,0,4,0,0,0,0,6,0,2,0,0,6,0,4,4,0,0,0,0,0,2,0,2,0,0,0,0,4,2,2,0,0,2,2,2,4,0,0,2,2,0,2,0,4,2,0,2,6,2,0,0,2,4,2,0,6,2,4,0,0,0,0,2,2,0,2,0,2,2,2,4,4,0,4,2,0,2,0,0,0,2,0,4,6,0,0,2
101,2,0,2,0,6,2,2,6,0,2,4,0,0,2,2,2,0,0,0,2,4,4,2,0,0,2,2,2,2,0,6,4,0,0,0,0,4,0,2,2,2,4,2,0,4,2,2,0,6,0,0,0,2,2,0,2,0,0,4,4,0,2,2,2,2,4,0,2,0,0,0,0,4,4,0,6,0,0,0,2,0,4,6,2,2,0,2,0,0,0,6,4,0,4,2,2,0,2,4,2,-,4,0,2,0,2,2,4,2,0,2,4,2,2,0,0,0,0,0,2,0,2,4,4,4,4,2,2,0,2,4,0,0,6,0,0,6,0,0,4,4,4,0,2,2,0,2,0,2,0,0,0,2,2,2,2,0,2,2,2,2,2,0,2,2,4,0,4,2,2,4,2,4,0,4,2,2,2,4,0,0,2,2,4,2,0,2,10,0,0,0,0,2,0,2,0,4,4,0,0
102,4,4,2,2,0,6,2,2,2,2,4,6,2,2,2,0,6,2,0,0,0,6,0,2,2,8,4,2,0,2,4,6,2,0,0,2,6,0,4,8,4,0,4,0,4,2,6,0,2,0,0,4,6,2,2,4,6,0,2,2,2,0,2,6,4,0,0,2,2,2,0,2,0,0,8,4,0,2,2,4,6,2,6,2,2,2,2,0,4,2,0,8,4,6,6,0,4,2,4,2,4,-,0,2,2,2,4,6,0,0,6,8,0,2,0,2,0,4,6,0,2,0,2,0,0,4,0,4,4,4,0,0,2,2,0,4,4,4,10,0,0,2,4,4,0,0,6,0,6,6,0,0,0,2,2,2,8,0,8,0,2,0,0,2,0,2,2,0,2,2,0,4,4,2,2,6,0,8,2,0,2,4,0,0,4,2,0,6,0,4,4,2,2,0,0,2,6,4,0,4
103,0,0,0,0,0,2,0,2,2,0,2,0,0,0,0,4,4,0,0,2,0,2,0,4,0,0,2,0,0,2,2,6,2,0,0,2,2,0,0,0,4,2,0,0,2,0,0,2,0,2,4,0,2,2,2,0,2,2,4,0,4,0,0,2,4,0,0,8,0,0,2,4,0,2,2,2,0,0,0,2,6,0,0,0,2,0,2,0,0,2,0,0,0,2,2,0,4,2,0,2,0,0,-,0,4,4,0,2,0,4,2,0,0,0,0,2,2,2,0,0,0,0,0,0,0,4,2,2,0,0,2,0,0,0,0,2,0,2,0,0,0,4,0,2,4,2,4,0,2,4,2,2,0,0,0,2,0,4,2,0,0,0,0,2,4,0,2,0,0,0,4,6,0,0,0,0,2,2,0,2,6,4,0,2,4,0,0,2,4,0,4,0,0,2,2,0,0,2,0,4
104,2,0,2,2,2,4,2,0,2,0,0,2,2,0,0,4,2,0,0,0,0,2,0,2,2,2,4,4,0,2,2,6,0,0,0,2,2,4,0,6,2,2,2,0,4,2,2,6,2,2,0,2,0,4,0,2,0,0,2,0,0,2,2,2,4,2,2,2,0,0,2,0,0,0,0,0,2,0,4,0,2,0,0,4,0,0,0,0,0,0,0,0,0,0,0,4,0,2,2,0,2,2,0,-,0,2,2,2,4,2,0,0,0,0,4,0,4,4,2,0,2,0,4,0,0,0,0,2,0,0,0,4,2,0,0,2,0,2,4,2,2,2,0,2,2,2,2,0,0,4,4,4,2,0,0,2,0,0,2,0,2,0,2,2,2,0,0,2,0,2,2,0,2,2,0,2,4,0,2,4,6,2,4,0,0,0,0,2,0,0,2,2,0,0,2,2,0,4,0,2
105,0,2,2,2,0,4,2,2,0,2,2,0,2,0,4,2,4,4,2,0,6,0,6,0,4,6,0,4,0,0,0,2,2,0,0,6,2,0,4,2,0,2,6,0,0,0,0,2,2,4,6,2,0,6,0,6,0,2,0,4,8,4,2,2,2,4,2,2,4,0,0,0,2,0,4,2,2,4,2,4,2,8,2,0,2,2,2,0,2,2,0,2,4,0,0,0,2,4,2,0,0,2,4,0,-,2,6,2,2,0,0,2,2,2,4,2,8,2,6,2,0,8,2,2,0,2,2,0,2,0,0,2,2,4,0,6,2,2,0,2,0,2,4,0,2,4,6,0,0,0,0,0,0,4,0,0,2,2,2,2,0,0,4,2,0,0,2,0,4,4,0,2,0,0,2,0,6,0,0,4,0,4,0,0,0,2,6,2,2,2,4,0,0,2,2,4,2,2,0,4
106,2,2,0,2,2,0,0,2,4,0,0,2,0,2,4,2,6,2,2,0,0,0,0,8,2,4,2,0,0,0,2,4,2,0,0,0,2,2,2,0,4,6,0,0,0,0,0,4,2,0,0,4,2,2,0,2,0,2,2,0,8,2,2,4,0,2,0,2,0,2,2,0,0,4,2,2,2,4,0,4,4,0,0,2,0,2,2,2,0,2,0,4,0,2,2,0,0,2,0,0,2,2,4,2,2,-,2,2,0,2,4,2,0,4,0,0,0,4,2,4,4,6,0,2,2,4,2,2,2,0,2,2,2,0,0,2,0,2,2,2,2,0,6,2,2,0,0,0,2,0,0,0,2,2,0,0,0,4,0,2,2,4,4,2,4,0,0,2,4,0,4,4,0,4,2,0,2,2,2,0,2,2,0,2,0,2,0,2,0,0,2,4,2,0,0,0,4,2,0,0
107,2,4,0,2,8,4,4,4,0,0,2,0,4,4,2,2,4,2,0,8,0,4,0,8,2,2,4,6,4,2,2,6,4,2,0,0,4,4,4,0,0,0,2,0,2,0,4,0,4,2,2,4,0,4,2,2,2,0,0,6,2,2,4,0,4,0,0,2,2,0,2,0,4,2,2,6,2,4,2,0,2,0,4,2,0,6,2,0,2,2,4,2,2,2,0,4,2,0,2,0,2,4,0,2,6,2,-,0,0,6,6,6,2,2,2,4,2,2,4,0,4,0,0,0,4,2,2,2,4,2,0,6,6,0,4,2,2,2,0,2,4,2,4,0,2,2,0,2,4,0,2,0,2,2,4,2,4,4,0,0,0,4,4,0,0,0,0,0,4,0,2,0,4,2,2,6,2,0,0,0,2,0,4,2,6,2,2,8,2,4,2,0,0,0,8,0,2,2,0,2
108,2,4,2,4,0,4,0,0,0,6,2,2,2,2,0,0,2,2,4,4,12,6,4,2,0,2,0,2,0,2,0,4,0,0,0,0,2,0,6,6,4,4,2,2,4,2,0,0,0,0,2,2,4,0,0,2,0,2,2,0,2,2,6,0,2,2,2,4,0,0,0,0,4,0,4,4,0,0,2,0,2,4,2,2,0,2,2,0,0,0,0,2,2,2,0,0,2,2,2,0,4,6,2,2,2,2,0,-,0,0,4,0,0,0,8,0,2,2,4,4,4,2,2,0,0,0,0,4,2,8,2,0,4,6,0,0,2,2,4,4,2,2,2,4,0,4,0,0,0,4,2,0,0,2,2,2,2,2,4,2,4,2,0,2,2,0,0,6,6,0,4,6,2,0,2,2,0,6,0,2,6,0,2,2,2,4,4,4,2,4,6,0,0,2,2,0,2,6,0,2
109,0,0,4,2,2,0,2,0,0,2,2,2,0,0,0,2,0,2,2,4,4,0,0,2,0,4,2,0,0,4,2,0,2,2,2,0,6,0,2,2,2,0,2,0,2,4,0,0,0,4,0,0,0,0,0,0,2,4,2,0,0,2,0,2,2,0,0,0,0,0,0,0,2,0,2,0,2,2,2,2,0,0,2,2,0,0,4,2,0,0,4,0,0,0,0,0,0,2,4,2,2,0,0,4,2,0,0,0,-,0,2,2,4,0,2,4,4,0,2,0,2,2,2,4,0,0,4,0,0,0,2,0,2,2,0,2,0,4,0,2,2,2,0,6,2,4,0,0,0,2,2,0,2,0,4,0,2,2,0,0,2,2,2,0,0,2,0,0,2,0,0,0,2,2,2,0,2,0,4,10,0,0,0,2,2,0,0,0,0,0,0,2,0,2,2,0,4,0,2,0
110,0,2,2,2,4,0,4,0,2,0,0,2,2,2,0,0,0,0,2,0,0,4,2,2,0,0,0,2,0,2,0,0,0,2,0,0,0,0,0,0,2,0,0,0,0,0,0,2,0,0,2,0,4,2,4,0,0,0,2,0,0,0,0,0,0,0,0,2,2,2,0,0,0,0,0,4,2,0,0,2,2,0,4,0,0,0,2,0,0,0,0,2,2,0,2,4,0,4,2,2,0,0,4,2,0,2,6,0,0,-,0,0,4,2,0,0,0,0,0,2,0,2,0,6,2,4,0,4,0,2,4,4,0,0,0,0,0,2,0,2,0,0,0,0,4,0,2,2,0,0,2,0,0,2,4,0,0,0,2,0,2,0,0,4,2,0,2,0,0,2,2,0,0,0,0,0,0,0,4,0,4,0,0,2,2,0,4,0,0,2,2,0,0,0,0,2,2,2,0,2
111,0,2,0,0,2,0,2,2,0,0,0,0,2,4,2,0,2,0,0,4,4,2,4,4,2,2,4,6,0,2,0,2,4,0,2,2,4,0,0,4,4,0,4,2,6,4,8,0,2,2,4,4,2,2,4,2,2,0,0,4,2,0,0,0,0,2,2,2,0,2,2,2,0,0,4,2,2,0,0,2,6,0,2,2,0,0,2,0,2,0,2,2,10,0,0,0,0,2,4,4,2,6,2,0,0,4,6,4,2,0,-,2,6,4,0,0,0,0,0,6,2,2,0,0,4,2,2,2,4,0,0,2,2,0,0,6,4,6,4,4,0,2,4,2,0,2,2,0,0,6,2,2,6,6,4,0,2,4,2,0,4,0,0,0,4,2,0,0,6,2,2,2,2,2,0,4,0,4,6,6,6,2,0,0,4,2,4,0,0,2,0,4,0,2,6,2,0,2,0,2
112,0,0,0,0,4,0,2,0,2,0,2,6,2,2,2,0,4,0,0,2,2,0,2,4,2,2,2,0,0,2,4,4,0,0,2,2,0,2,6,4,0,2,0,2,0,2,0,2,2,2,0,0,0,2,2,2,2,2,2,0,0,4,0,2,0,2,0,2,0,6,2,6,8,0,2,2,0,0,0,0,0,2,0,2,2,0,6,0,0,2,2,4,2,2,2,0,6,2,4,0,4,8,0,0,2,2,6,0,2,0,2,-,4,2,0,2,0,2,2,2,4,2,4,4,4,2,0,2,0,4,2,0,0,0,0,0,2,0,0,0,6,0,2,2,0,0,2,2,2,2,0,0,6,2,2,0,2,4,0,0,2,0,0,0,0,0,2,2,0,2,2,0,2,0,2,0,2,2,2,2,0,0,0,2,0,2,0,6,0,4,0,0,0,0,2,0,0,6,0,0
113,0,2,0,0,2,0,6,0,0,0,2,2,0,6,0,2,0,2,0,0,4,0,4,2,0,2,0,0,2,6,2,2,0,2,6,0,0,2,2,2,4,2,0,4,2,0,0,0,0,2,2,2,2,4,2,0,2,2,0,0,0,4,4,2,0,0,4,0,2,2,0,4,4,0,0,2,2,2,0,2,0,2,4,0,0,2,0,0,0,2,2,2,2,2,6,0,2,0,6,2,2,0,0,0,2,0,2,0,4,4,6,4,-,0,0,0,0,6,0,2,2,0,0,4,0,0,0,0,2,4,2,0,0,0,6,0,2,4,6,2,0,0,2,0,4,4,0,0,2,0,0,4,2,2,4,0,4,0,4,0,4,0,2,0,0,2,0,0,2,2,2,0,2,0,4,2,2,0,4,4,4,0,0,6,0,0,0,2,2,0,4,4,0,2,2,0,4,0,2,2
114,0,0,2,0,2,0,0,0,0,0,0,2,4,0,0,0,0,0,0,4,0,0,2,2,4,2,0,4,0,0,2,0,4,2,0,0,0,4,2,0,4,2,2,2,0,4,2,2,0,2,4,0,2,4,2,0,0,4,2,0,2,0,0,0,2,0,2,0,2,0,0,4,0,0,0,4,6,0,0,4,6,2,2,0,0,0,2,0,4,0,4,2,2,2,4,2,4,2,0,0,2,2,0,0,2,4,2,0,0,2,4,2,0,-,0,4,0,0,0,0,0,2,0,0,2,2,0,0,2,2,0,4,4,2,0,4,4,0,2,0,2,0,2,2,0,0,4,0,6,0,0,0,0,0,2,0,4,2,0,0,8,0,0,0,2,2,2,12,0,2,0,2,6,2,0,6,6,2,0,0,2,0,0,2,0,2,2,0,0,0,6,0,2,0,0,0,0,0,0,4
115,4,2,2,4,2,2,2,0,2,4,0,0,2,0,2,0,0,0,2,4,4,0,0,2,2,0,0,2,0,0,0,0,2,2,4,4,4,0,2,4,2,0,0,2,2,0,0,6,4,0,0,2,0,2,0,2,2,0,0,4,2,2,0,2,4,0,0,4,0,0,2,0,4,0,0,0,2,2,4,0,0,2,8,4,2,2,2,0,0,2,0,2,0,2,4,4,0,8,0,4,0,0,0,4,4,0,2,8,2,0,0,0,0,0,-,0,4,2,2,2,2,0,4,2,2,0,2,2,2,2,2,0,2,0,0,2,2,2,0,0,4,0,0,0,2,4,0,0,0,2,2,6,0,0,4,4,2,0,0,0,2,0,0,0,2,2,0,0,2,0,2,4,4,0,0,2,2,0,0,4,0,4,0,8,0,2,4,2,0,0,0,0,0,2,0,2,2,4,0,4
116,2,6,2,0,0,2,0,0,0,0,0,2,0,0,0,0,2,0,0,4,2,2,2,2,4,2,0,0,2,0,2,2,0,4,0,2,0,2,2,2,4,0,2,6,0,0,2,0,0,2,2,2,2,0,0,2,0,4,2,2,0,0,0,2,2,0,0,0,2,2,2,2,2,2,2,2,0,0,0,2,0,0,4,0,0,0,4,2,0,4,2,4,0,0,2,2,0,0,2,0,0,2,2,0,2,0,4,0,4,0,0,2,0,4,0,-,0,2,4,0,2,0,2,2,4,0,4,2,0,0,4,0,2,0,2,2,0,0,2,4,0,2,0,4,0,2,0,0,0,4,2,0,0,0,4,2,0,0,2,0,4,2,0,0,0,2,0,2,0,0,0,0,0,4,0,0,2,0,0,2,2,0,0,4,2,0,0,6,2,2,2,2,2,2,0,2,0,0,2,0
117,0,2,2,0,2,0,0,0,2,0,2,2,2,0,2,0,0,0,2,0,2,0,2,2,0,0,2,0,6,2,2,2,0,0,6,2,4,0,2,2,0,2,2,2,4,0,2,2,2,2,2,2,0,0,2,2,2,4,0,4,4,6,2,4,0,0,0,0,4,0,0,2,2,0,0,0,2,0,0,0,6,4,0,2,4,2,0,2,2,2,2,0,0,2,0,2,2,4,0,0,0,0,2,4,8,0,2,2,4,0,0,0,0,0,4,0,-,0,2,0,0,0,4,8,4,2,4,0,0,0,2,0,0,0,0,0,2,0,0,2,2,4,2,2,0,2,6,2,2,6,2,2,0,0,4,0,2,4,0,0,0,0,2,2,2,0,2,0,4,2,2,4,2,4,4,0,0,4,2,0,0,2,0,0,0,0,2,2,0,0,0,2,0,4,4,2,0,2,4,0
118,2,2,0,0,0,2,4,0,0,0,4,0,0,0,2,0,2,0,0,2,0,0,0,2,2,0,2,0,2,0,0,2,2,2,2,2,4,0,0,2,0,0,0,0,0,0,0,0,4,2,0,2,0,0,0,0,2,2,2,0,0,0,2,4,10,6,0,0,0,0,2,4,0,0,0,0,4,2,4,4,0,0,2,2,4,0,0,0,0,2,0,2,0,4,2,2,6,0,2,0,0,4,2,4,2,4,2,2,0,0,0,2,6,0,2,2,0,-,4,2,4,2,2,0,0,0,6,0,2,2,0,2,0,2,6,0,0,4,2,0,0,2,2,0,4,4,2,0,0,0,0,0,4,4,0,0,0,0,0,0,0,2,0,2,0,4,0,0,0,0,2,0,6,2,0,2,4,4,2,0,2,2,0,4,0,0,2,4,2,2,4,0,2,2,2,0,0,4,0,2
119,4,0,2,4,4,2,4,0,0,2,4,0,4,4,0,2,2,2,0,0,2,4,6,0,2,2,2,0,2,4,2,2,0,4,2,4,2,0,0,6,0,2,0,2,2,2,2,2,0,0,0,0,0,6,0,6,2,2,2,0,2,0,0,2,0,2,0,0,0,0,0,2,0,0,2,0,0,0,2,4,0,4,4,2,0,2,2,2,0,4,2,4,0,4,0,0,2,6,4,0,0,6,0,2,6,2,4,4,2,0,0,2,0,0,2,4,2,4,-,0,0,2,2,4,0,2,0,4,2,4,2,0,4,0,0,2,0,0,4,4,0,0,0,0,2,0,4,0,2,0,2,0,2,2,0,0,2,2,4,0,0,4,2,0,2,2,2,0,0,2,2,4,4,0,0,4,4,0,0,0,4,0,2,2,0,0,0,2,6,8,2,4,2,4,6,4,2,4,0,2
120,0,0,0,2,0,2,4,2,2,0,0,4,4,2,2,2,0,4,6,6,0,0,4,0,0,4,4,2,2,0,0,0,2,0,0,6,0,0,0,0,2,0,0,0,0,2,0,0,0,2,2,2,0,2,0,2,4,0,0,2,0,2,2,0,0,2,4,2,2,2,0,2,0,0,0,2,0,0,0,0,0,2,0,6,0,0,2,2,0,0,0,0,0,0,2,2,2,0,2,6,2,0,0,0,2,4,0,4,0,2,6,2,2,0,2,0,0,2,0,-,0,4,0,0,4,0,4,2,0,4,2,0,2,0,0,2,2,0,8,2,0,0,4,2,2,0,0,4,0,2,2,2,2,4,4,0,2,4,2,0,2,2,0,0,2,2,4,4,4,0,2,2,0,6,2,4,0,0,2,2,2,2,2,2,0,4,0,0,0,2,2,2,0,0,2,0,6,0,0,2
121,0,0,2,0,0,2,4,2,0,2,0,0,4,6,0,0,2,0,2,0,0,0,2,0,0,4,2,0,2,0,0,0,2,0,0,0,2,4,2,0,0,0,2,0,2,0,0,0,0,0,2,2,0,2,0,0,0,0,0,10,2,2,4,0,6,0,0,4,0,2,0,0,2,2,6,0,0,0,2,0,2,0,0,2,2,0,4,2,0,4,0,2,0,2,2,0,0,2,0,0,0,2,0,2,0,4,4,4,2,0,2,4,2,0,2,2,0,4,0,0,-,2,2,2,2,0,4,0,0,0,2,0,2,2,4,0,0,2,4,0,0,2,2,0,2,2,0,2,0,0,4,0,2,4,6,4,2,0,0,0,2,0,0,2,0,2,0,0,2,0,0,2,2,2,0,2,0,2,2,2,0,0,0,2,0,2,4,4,0,0,0,0,2,2,6,2,0,2,0,0
122,2,0,0,0,0,2,2,2,0,0,0,0,6,0,2,0,2,0,2,0,0,2,6,2,0,2,0,0,0,0,0,0,2,0,0,0,0,0,0,0,0,2,0,2,0,0,0,0,2,4,0,0,4,4,4,4,0,0,0,0,4,0,0,2,4,4,0,2,2,4,0,2,2,0,0,0,2,0,0,0,0,0,0,4,2,0,8,4,2,4,0,2,0,2,2,0,0,0,2,2,2,0,0,0,8,6,0,2,2,2,2,2,0,2,0,0,0,2,2,4,2,-,0,2,2,0,2,2,2,0,0,0,0,0,0,8,2,2,2,0,4,2,0,0,0,0,4,2,0,2,0,0,0,4,0,0,0,0,0,0,0,0,4,4,0,0,0,0,4,0,2,2,2,0,4,2,4,0,2,0,4,0,0,0,0,2,4,0,0,0,0,4,0,0,4,2,2,0,0,0
123,0,4,4,0,6,4,2,0,4,4,4,2,0,0,0,2,0,0,4,2,4,0,2,4,2,0,4,2,2,2,0,0,0,2,2,2,0,2,0,4,0,0,2,0,2,0,4,4,4,0,0,0,6,2,0,4,0,0,0,0,0,2,0,4,2,2,6,0,0,2,0,2,4,4,2,4,4,2,0,0,0,4,0,4,4,0,0,2,4,2,2,0,0,0,2,0,2,2,0,0,4,2,0,4,2,0,0,2,2,0,0,4,0,0,4,2,4,2,2,0,2,0,-,2,2,4,2,0,0,4,4,0,2,0,0,0,4,2,4,6,8,2,2,4,2,2,0,0,0,6,2,0,4,2,2,2,0,0,2,2,2,2,0,2,2,0,0,2,2,0,2,2,0,2,4,0,0,0,0,0,4,0,2,0,6,0,0,6,4,2,2,0,0,4,2,2,0,2,4,0
124,2,2,4,2,0,0,0,2,0,0,0,0,0,0,0,0,0,0,2,0,0,4,4,0,0,0,0,2,2,4,0,2,4,0,0,0,6,0,0,0,0,0,0,2,0,0,0,2,0,2,0,0,0,2,0,0,0,6,0,0,0,0,0,0,2,0,4,0,2,2,0,0,2,2,0,0,4,2,0,6,2,4,2,2,0,0,2,2,2,2,2,0,0,4,4,2,2,0,4,0,4,0,0,0,2,2,0,0,4,6,0,4,4,0,2,2,8,0,4,0,2,2,2,-,0,4,0,4,0,0,2,2,2,0,2,0,2,0,0,2,0,0,0,6,2,0,2,2,0,6,2,0,2,0,8,4,0,4,2,0,0,0,2,0,0,2,2,0,4,2,0,0,2,0,2,2,4,0,2,0,2,0,2,0,2,0,0,4,2,0,4,0,0,0,0,2,0,4,2,0
125,2,0,0,2,0,0,2,0,2,0,4,0,0,2,4,0,0,0,4,0,4,0,4,0,2,0,0,2,0,0,2,0,2,0,0,0,2,4,2,0,2,2,0,0,0,0,0,2,2,0,2,4,0,0,0,2,2,4,0,0,0,4,0,2,6,2,0,2,2,4,2,4,0,0,0,2,0,2,4,2,2,6,0,6,0,2,2,4,0,2,0,4,0,2,0,0,2,2,4,6,4,0,0,0,0,2,4,0,0,2,4,4,0,2,2,4,4,0,0,4,2,2,2,0,-,0,2,6,4,0,2,0,2,4,0,2,0,0,2,0,4,2,6,0,2,2,0,0,4,0,2,0,0,2,4,0,0,2,0,0,4,0,0,6,4,2,0,4,0,2,2,4,2,0,2,2,6,0,2,0,0,2,2,0,4,0,4,2,0,4,0,4,0,2,2,4,0,6,0,0
126,0,2,2,0,6,4,2,2,0,0,0,2,0,2,0,0,6,0,0,0,0,2,4,6,2,4,6,8,0,0,0,2,0,4,2,0,2,0,0,2,2,0,0,2,0,2,0,2,2,2,0,2,4,0,0,0,6,2,0,2,0,0,0,4,2,0,2,2,0,0,2,2,0,4,4,0,0,0,0,0,4,2,6,2,2,0,2,2,0,0,0,2,0,2,0,2,4,2,0,0,4,4,4,0,2,4,2,0,0,4,2,2,0,2,0,0,2,0,2,0,0,0,4,4,0,-,0,0,0,2,0,0,0,0,0,6,4,0,0,2,2,2,0,0,0,0,2,2,4,2,2,0,0,2,0,2,2,0,0,4,6,2,0,6,0,0,0,2,0,0,0,0,0,0,0,0,0,4,6,0,2,0,0,0,0,0,0,0,2,0,0,0,0,0,0,0,4,4,0,2
127,4,2,0,2,6,0,2,4,0,2,0,0,0,2,2,0,4,0,2,2,0,0,0,0,2,0,2,2,2,2,0,0,0,4,0,0,6,2,0,0,0,2,0,0,0,0,2,0,0,0,0,2,4,2,0,2,0,6,2,2,0,0,2,0,0,2,0,2,4,4,0,2,2,2,0,0,2,0,4,2,4,4,0,0,0,0,4,4,4,2,2,2,2,2,2,4,4,2,0,4,2,0,2,0,2,2,2,0,4,0,2,0,0,0,2,4,4,6,0,4,4,2,2,0,2,0,-,2,2,0,2,0,4,0,2,0,0,6,0,0,0,2,8,4,4,0,2,0,2,2,2,2,2,2,2,0,2,2,0,0,2,0,0,2,2,2,0,0,2,0,2,4,0,0,0,4,2,0,0,0,4,2,2,0,4,0,4,0,0,2,2,4,6,0,2,0,0,0,2,0
128,0,2,2,0,4,0,0,0,4,0,2,0,0,2,4,2,2,4,2,0,0,2,2,0,2,4,2,0,4,0,2,2,2,4,0,0,4,2,4,2,6,2,2,2,2,2,2,4,2,0,0,2,0,0,2,4,0,2,2,4,0,0,2,2,4,0,0,4,0,0,2,2,0,0,0,4,0,0,2,2,2,0,0,4,0,0,2,0,4,2,0,2,0,0,2,0,2,4,0,4,2,4,2,2,0,2,2,4,0,4,2,2,0,0,2,2,0,0,4,2,0,2,0,4,6,0,2,-,0,4,2,6,0,0,2,2,2,0,0,4,0,2,2,2,0,0,0,0,4,2,2,0,0,2,4,2,4,0,2,0,0,0,0,0,2,4,0,2,4,4,0,2,2,2,0,2,0,0,2,0,0,0,2,4,4,0,4,2,4,2,0,4,4,0,0,0,0,0,0,4
129,2,2,0,2,2,2,4,0,0,0,6,0,2,2,2,2,0,0,0,4,2,6,4,0,0,0,2,2,0,0,2,4,2,0,0,0,0,2,4,2,4,0,4,0,2,0,0,4,4,2,0,2,0,2,0,0,2,2,2,2,0,2,2,4,4,2,0,2,4,6,0,6,0,2,2,2,2,2,4,0,4,2,4,0,0,8,0,2,0,4,0,0,0,0,2,2,4,2,0,0,0,4,0,0,2,2,4,2,0,0,4,0,2,2,2,0,0,2,2,0,0,2,0,0,4,0,2,0,-,4,0,0,2,0,0,2,4,0,2,2,0,0,0,0,0,0,2,0,0,2,2,0,2,2,2,2,2,0,2,2,10,0,2,6,2,0,0,6,0,2,2,0,2,2,0,2,4,0,0,0,0,2,2,8,2,0,0,0,0,2,2,4,2,2,4,2,4,2,2,0
130,0,0,2,0,2,2,0,0,0,4,2,8,0,2,2,2,2,0,2,2,4,2,4,2,0,4,0,4,0,0,2,4,2,4,0,2,0,0,2,6,0,0,0,0,2,2,0,0,2,0,4,0,4,2,2,0,2,2,2,0,0,4,6,2,0,2,6,2,2,6,2,0,0,0,2,0,0,2,0,0,2,2,4,4,4,0,0,0,0,0,2,2,2,0,4,2,2,4,0,0,2,4,0,0,0,0,2,8,0,2,0,4,4,2,2,0,0,2,4,4,0,0,4,0,0,2,0,4,4,-,2,2,2,0,0,0,0,2,4,4,2,2,0,2,2,0,2,2,0,0,0,0,0,2,0,0,4,2,4,2,2,0,0,2,4,2,2,2,2,4,4,2,4,2,2,0,2,2,0,4,2,0,0,2,0,2,0,0,2,2,0,2,0,2,4,0,0,0,0,2
131,0,0,2,2,2,0,2,0,2,0,0,0,2,0,0,0,4,0,0,0,2,0,0,2,0,2,0,0,4,0,0,0,2,0,0,4,0,2,2,2,2,6,2,4,2,0,2,0,0,0,0,2,0,0,2,2,0,2,2,2,0,0,2,2,0,0,0,0,0,0,2,2,0,0,2,2,0,0,0,2,0,0,2,4,4,2,2,2,0,0,2,4,2,6,0,6,0,4,0,0,4,0,2,0,0,2,0,2,2,4,0,2,2,0,2,4,2,0,2,2,2,0,4,2,2,0,2,2,0,2,-,0,0,0,2,0,0,0,0,4,0,4,0,0,6,2,0,0,2,6,2,0,0,0,4,0,2,2,2,0,4,0,2,0,6,0,2,0,0,0,2,0,2,2,0,2,0,0,0,2,4,2,0,0,2,0,0,4,0,2,0,0,0,0,2,2,2,2,2,0
132,0,0,0,0,0,0,4,0,0,2,0,0,4,0,2,2,0,0,2,2,0,0,0,0,4,4,6,0,4,0,2,0,0,0,0,4,0,0,0,0,0,0,4,0,0,2,0,2,0,2,0,0,0,0,2,0,2,2,0,2,0,0,0,2,0,0,0,2,0,0,0,0,2,4,0,0,2,0,0,0,0,0,0,0,0,0,0,0,4,2,0,0,0,0,0,2,2,2,0,0,0,0,0,4,2,2,6,0,0,4,2,0,0,4,0,0,0,2,0,0,0,0,0,2,0,0,0,6,0,2,0,-,6,2,0,2,2,0,0,0,0,0,0,0,0,2,4,2,2,0,0,0,2,2,2,0,0,4,2,0,0,2,0,2,0,0,2,2,2,0,0,4,2,0,0,2,0,4,2,0,2,0,0,0,0,2,2,2,4,4,2,0,0,0,0,2,0,4,0,2
133,2,0,0,4,4,0,6,0,2,0,0,2,4,0,8,2,2,4,0,2,0,0,0,2,0,4,2,2,6,2,2,0,0,2,0,4,2,2,0,6,2,0,2,2,2,4,6,0,0,0,0,0,4,0,0,2,0,2,2,4,0,2,0,2,2,2,0,2,2,0,2,2,2,0,0,0,2,0,2,4,0,0,0,0,0,0,2,0,4,4,0,2,2,2,0,2,4,0,2,0,0,2,0,2,2,2,6,4,2,0,2,0,0,4,2,2,0,0,4,2,2,0,2,2,2,0,4,0,2,2,0,6,-,2,0,4,4,0,0,0,0,0,0,2,0,4,4,6,0,2,4,0,0,2,0,0,2,2,2,2,2,4,0,0,2,0,2,2,4,4,4,4,2,0,0,0,0,2,4,0,4,0,2,2,6,0,2,4,2,2,2,0,0,0,0,2,0,6,0,0
134,0,4,2,0,0,0,0,2,0,0,2,2,4,0,0,0,0,2,0,2,0,0,0,0,0,0,0,0,0,0,0,2,0,0,0,2,2,0,2,0,0,2,2,2,2,0,0,0,6,4,0,4,2,2,0,2,0,2,0,0,0,2,2,0,2,2,4,4,0,0,0,0,2,0,0,0,0,0,0,2,2,0,2,2,2,0,4,0,0,0,0,0,0,0,2,0,0,0,2,2,6,2,0,0,4,0,0,6,2,0,0,0,0,2,0,0,0,2,0,0,2,0,0,0,4,0,0,0,0,0,0,2,2,-,0,2,0,0,0,0,2,0,4,0,2,2,4,0,0,2,0,2,0,2,0,0,0,2,0,0,6,0,0,0,0,0,2,2,2,0,2,0,0,0,0,0,2,0,4,0,0,2,0,0,0,0,0,0,2,2,2,0,0,2,0,0,2,2,2,0
135,0,4,0,2,0,0,4,2,0,0,2,0,0,0,4,4,0,2,0,2,2,0,0,0,0,0,0,0,0,2,2,2,0,0,2,2,2,4,2,0,0,2,0,2,4,0,2,0,0,0,0,0,0,0,2,0,0,4,2,0,0,2,0,4,2,2,0,2,2,2,0,0,0,2,4,0,2,0,4,2,2,0,2,2,0,4,0,2,0,0,0,2,0,2,6,2,2,0,0,0,0,0,0,0,0,0,4,0,0,0,0,0,6,0,0,2,0,6,0,0,4,0,0,2,0,0,2,2,0,0,2,0,0,0,-,2,0,2,6,0,0,0,0,0,0,2,0,0,4,0,2,0,0,2,0,0,4,2,2,4,4,2,2,0,0,0,2,0,0,0,0,0,0,0,4,4,2,0,4,2,0,0,0,2,0,0,0,0,2,0,0,2,0,4,0,4,4,4,2,0
136,2,2,0,4,2,4,6,0,2,0,4,4,0,0,2,2,0,4,0,2,2,2,6,4,2,0,0,0,0,2,0,2,6,0,2,0,2,0,0,2,0,0,2,2,0,0,2,0,2,10,4,4,2,4,4,4,0,2,0,2,2,0,2,0,0,4,2,0,2,2,0,0,0,0,0,4,2,2,4,2,0,2,2,2,0,4,0,4,2,4,2,4,0,2,2,0,4,2,4,2,0,4,2,2,6,2,2,0,2,0,6,0,0,4,2,2,0,0,2,2,0,8,0,0,2,6,0,2,2,0,0,2,4,2,2,-,2,4,6,0,0,2,2,0,2,2,2,0,2,2,0,0,0,6,2,2,0,0,6,0,4,2,0,0,0,4,2,2,0,4,0,2,2,2,2,2,4,0,2,2,4,2,0,0,2,2,4,0,0,2,4,4,0,0,4,0,4,4,0,4
137,2,2,0,4,2,0,4,2,0,4,2,0,4,2,2,2,4,4,0,0,4,4,4,4,4,8,0,6,0,0,0,0,4,0,0,4,0,2,2,0,2,0,6,0,0,2,0,0,2,0,0,4,2,2,2,0,0,2,0,0,6,4,2,2,0,0,0,0,0,4,0,2,0,2,2,0,2,2,0,2,6,0,6,2,4,2,0,2,8,2,0,2,0,0,0,2,2,0,0,0,6,4,0,0,2,0,2,2,0,0,4,2,2,4,2,0,2,0,0,2,0,2,4,2,0,4,0,2,4,0,0,2,4,0,0,2,-,2,2,0,0,0,2,0,0,2,6,0,0,4,2,0,0,2,4,2,0,0,0,0,0,2,2,4,2,0,0,6,4,2,0,2,4,2,0,2,2,2,2,0,0,2,2,2,0,0,2,2,0,0,2,0,2,0,0,0,6,4,0,0
138,2,2,2,0,0,0,0,0,0,0,2,0,0,4,4,4,0,2,0,0,0,0,2,0,2,2,2,4,0,0,0,0,2,2,2,2,6,2,0,2,0,0,0,0,2,0,4,0,0,0,2,4,2,2,4,0,2,2,0,2,4,0,0,0,2,4,0,2,0,2,2,0,4,2,4,0,0,0,0,2,4,4,2,0,2,2,2,0,4,0,0,4,2,2,6,2,6,0,0,0,0,4,2,2,2,2,2,2,4,2,6,0,4,0,2,0,0,4,0,0,2,2,2,0,0,0,6,0,0,2,0,0,0,0,2,4,2,-,0,4,0,0,0,2,2,0,2,0,0,4,2,0,2,0,2,0,0,2,2,0,0,0,0,0,0,2,2,0,0,2,0,2,0,4,0,0,2,0,0,4,2,4,0,0,0,2,4,2,0,2,0,4,2,0,4,0,2,2,0,2
139,2,2,0,2,0,4,6,0,4,0,2,6,0,2,0,2,0,0,2,0,0,0,4,0,0,4,2,4,4,2,0,0,2,2,2,0,2,0,0,6,0,0,2,0,0,2,2,2,2,0,0,2,4,4,0,4,4,2,2,2,0,2,0,0,0,4,2,2,2,0,2,2,0,0,4,2,2,2,2,2,0,0,4,4,0,2,4,4,4,4,4,4,2,2,4,0,2,2,4,0,0,10,0,4,0,2,0,4,0,0,4,0,6,2,0,2,0,2,4,8,4,2,4,0,2,0,0,0,2,4,0,0,0,0,6,6,2,0,-,2,2,4,2,4,2,0,0,2,0,6,6,0,0,8,2,4,0,0,2,0,2,2,2,0,0,0,2,4,0,0,6,6,4,0,4,2,0,2,2,0,8,0,4,2,0,0,0,2,2,0,0,2,0,2,2,2,4,6,0,0
140,2,2,2,0,4,4,2,0,0,2,2,0,2,4,0,0,0,0,2,0,2,4,4,2,0,0,2,2,0,2,0,2,4,0,0,2,0,0,4,2,0,2,2,0,2,6,6,2,2,0,2,2,2,0,2,0,2,2,2,6,0,0,0,0,0,4,4,2,0,0,0,2,2,2,2,2,0,4,0,0,2,0,2,4,0,4,4,0,0,0,4,0,2,0,4,2,2,0,4,0,4,0,0,2,2,2,2,4,2,2,4,0,2,0,0,4,2,0,4,2,0,0,6,2,0,2,0,4,2,4,4,0,0,0,0,0,0,4,2,-,0,4,4,6,2,2,0,2,2,2,4,2,0,2,0,0,2,2,0,0,0,0,0,2,2,0,2,0,2,2,2,0,2,2,4,0,0,2,2,6,0,0,2,0,4,2,2,0,4,2,4,0,0,4,0,4,4,0,2,0
141,0,0,2,2,0,0,2,2,4,2,2,0,0,0,0,0,0,2,4,4,0,2,4,2,0,2,0,4,2,0,4,0,0,2,2,2,4,2,2,2,0,2,0,0,2,4,4,0,2,4,2,2,2,0,0,2,0,0,4,0,2,0,0,0,2,6,2,6,0,0,0,0,4,0,0,4,0,0,4,4,0,4,0,4,0,2,2,0,0,0,4,2,4,0,2,0,6,4,0,4,4,0,0,2,0,2,4,2,2,0,0,6,0,2,4,0,2,0,0,0,0,4,8,0,4,2,0,0,0,2,0,0,0,2,0,0,0,0,2,0,-,2,2,2,0,6,2,4,4,0,0,6,0,2,6,2,0,4,2,2,4,2,0,2,4,0,4,2,6,2,2,0,4,0,6,2,2,0,0,0,0,0,2,4,0,0,2,4,2,0,2,0,2,2,2,0,2,2,2,0
142,0,4,0,2,0,0,2,4,0,2,0,4,0,2,0,0,4,4,0,2,0,0,2,2,2,4,2,2,2,0,0,2,4,2,4,2,2,2,0,4,0,2,2,2,2,2,0,0,0,4,0,2,0,2,0,0,0,2,0,2,0,0,2,2,4,6,0,0,2,2,0,0,0,0,0,0,0,0,0,0,4,0,0,2,2,0,2,0,0,0,4,4,0,4,0,0,0,4,2,2,4,2,4,2,2,0,2,2,2,0,2,0,0,0,0,2,4,2,0,0,2,2,2,0,2,2,2,2,0,2,4,0,0,0,0,2,0,0,4,4,2,-,2,6,2,0,4,0,2,0,2,2,0,2,0,2,2,0,2,2,0,2,0,0,0,0,6,0,2,2,2,2,0,0,2,2,0,0,0,0,0,0,2,2,4,0,4,2,0,0,2,2,0,0,4,4,2,2,0,0
143,2,6,0,2,4,0,0,2,0,0,2,2,0,2,0,0,4,2,2,0,4,0,0,2,2,4,2,0,2,0,0,0,2,0,0,0,2,0,0,0,0,2,4,2,2,2,2,2,0,0,0,2,4,0,4,2,0,4,0,4,0,2,0,0,0,4,2,6,0,0,2,0,0,2,0,2,0,4,2,6,4,4,2,4,0,2,4,0,2,0,0,0,4,2,4,0,0,0,0,2,0,4,0,0,4,6,4,2,0,0,4,2,2,2,0,0,2,2,0,4,2,0,2,0,6,0,8,2,0,0,0,0,0,4,0,2,2,0,2,4,2,2,-,2,2,0,0,2,2,2,2,4,2,4,2,0,0,4,2,2,0,2,2,2,2,2,2,0,0,0,4,0,0,4,0,2,2,0,0,0,0,0,2,0,2,0,2,0,2,0,4,6,2,4,8,6,0,0,0,2
144,0,4,2,2,0,2,2,2,0,0,0,4,0,0,2,0,2,0,4,0,2,2,4,2,0,2,2,2,4,2,2,2,4,8,0,0,4,0,2,2,2,0,4,0,4,2,2,8,0,2,0,0,0,2,2,0,2,2,4,0,0,4,0,2,2,0,2,2,2,4,0,0,0,0,0,0,0,8,6,2,2,0,2,4,2,2,4,4,2,0,0,4,2,6,2,0,2,0,2,0,2,4,2,2,0,2,0,4,6,0,2,2,0,2,0,4,2,0,0,2,0,0,4,6,0,0,4,2,0,2,0,0,2,0,0,0,0,2,4,6,2,6,2,-,4,0,0,0,0,4,0,0,0,2,6,2,2,6,2,0,2,4,2,0,2,0,0,0,2,2,2,0,2,0,2,0,0,4,2,0,0,4,0,0,2,2,2,2,2,0,4,0,6,4,2,2,4,2,8,0
145,0,0,0,0,0,2,0,0,0,0,0,6,2,4,0,2,4,0,0,4,2,0,0,0,0,0,0,4,0,0,0,0,2,0,2,0,0,0,2,2,0,4,0,2,0,0,2,0,0,2,0,2,2,0,0,4,2,4,2,0,0,2,2,0,4,0,2,0,0,2,0,0,2,0,0,0,0,2,0,2,4,4,2,2,2,4,0,0,0,0,0,0,2,8,4,2,2,2,4,0,2,0,4,2,2,2,2,0,2,4,0,0,4,0,2,0,0,4,2,2,2,0,2,2,2,0,4,0,0,2,6,0,0,2,0,2,0,2,2,2,0,2,2,4,-,2,2,0,0,4,2,2,0,0,0,2,4,2,0,0,2,2,2,0,0,0,6,0,0,0,4,4,4,0,2,2,4,2,2,0,4,0,0,2,2,0,6,0,2,0,6,6,4,0,4,0,2,2,2,0
146,0,2,2,2,2,0,2,0,4,4,4,8,6,0,0,4,2,0,0,0,4,2,2,2,2,0,0,0,2,2,0,4,0,2,0,6,4,0,2,2,0,4,2,2,2,4,2,2,2,4,2,0,0,0,4,0,2,0,0,2,2,0,4,2,4,6,6,2,2,0,0,4,0,4,4,0,2,0,2,2,0,2,0,0,4,0,2,0,4,4,0,4,4,6,2,4,4,4,2,2,0,0,2,2,4,0,2,4,4,0,2,0,4,0,4,2,2,4,0,0,2,0,2,0,2,0,0,0,0,0,2,2,4,2,2,2,2,0,0,2,6,0,0,0,2,-,4,0,0,0,0,0,0,2,4,0,0,2,0,0,0,6,0,0,0,0,4,0,4,2,2,0,2,0,4,2,2,2,0,6,0,4,0,4,4,0,0,0,4,2,8,4,0,0,0,0,0,2,0,2
147,0,2,2,0,2,0,6,2,0,2,0,0,2,2,0,0,4,0,0,0,0,2,4,4,2,2,2,2,2,2,2,2,2,0,0,2,2,0,2,2,4,4,2,0,2,2,4,2,0,4,0,2,2,2,0,2,0,2,2,2,4,4,0,0,2,2,0,0,2,0,0,2,0,0,2,2,0,0,0,4,6,0,0,0,4,0,0,2,6,0,0,2,0,2,2,2,0,0,0,2,2,6,4,2,6,0,0,0,0,2,2,2,0,4,0,0,6,2,4,0,0,4,0,2,0,2,2,0,2,2,0,4,4,4,0,2,6,2,0,0,2,4,0,0,2,4,-,0,4,2,2,2,0,0,4,0,2,2,0,0,0,6,2,4,0,0,6,2,0,4,2,2,4,2,2,0,4,2,4,0,0,2,0,0,2,2,0,0,0,4,2,2,0,0,4,0,2,0,2,0
148,0,2,0,0,0,0,4,0,0,0,0,0,2,0,2,0,0,0,0,0,0,0,2,0,2,0,0,0,6,0,2,0,0,0,0,0,0,0,2,0,0,0,0,0,0,2,0,2,0,0,0,0,0,0,2,2,0,0,2,2,0,0,2,0,0,4,2,2,0,0,0,2,2,0,0,0,0,0,0,2,0,2,0,0,0,0,2,0,2,2,0,0,2,0,0,0,2,0,2,2,0,0,0,0,0,0,2,0,0,2,0,2,0,0,0,0,2,0,0,4,2,2,0,2,0,2,0,0,0,2,0,2,6,0,0,0,0,0,2,2,4,0,2,0,0,0,0,-,0,2,2,2,0,2,2,0,0,0,2,2,0,0,0,0,0,0,0,0,0,2,2,4,0,0,2,0,0,0,4,0,0,0,0,2,0,2,2,0,0,0,0,0,0,0,0,0,0,0,0,2
149,0,4,2,0,4,4,0,2,2,2,2,2,0,0,2,0,0,0,2,2,2,2,2,2,2,0,0,0,0,2,4,0,0,0,0,0,4,2,0,0,2,2,0,0,2,0,6,0,2,2,2,0,2,2,0,2,4,0,2,0,2,0,0,2,0,0,0,0,2,2,2,0,0,0,0,2,4,4,0,4,6,2,4,2,4,4,0,2,0,0,0,0,2,6,0,0,4,4,0,4,2,6,2,0,0,2,4,0,0,0,0,2,2,6,0,0,2,0,2,0,0,0,0,0,4,4,2,4,0,0,2,2,0,0,4,2,0,0,0,2,4,2,2,0,0,0,4,0,-,0,0,2,0,4,2,2,4,4,0,0,4,0,2,2,8,2,4,4,2,2,4,0,4,0,2,2,4,2,6,2,2,2,2,4,6,2,2,2,2,0,0,0,0,0,0,2,0,0,2,0
150,2,2,0,2,0,2,0,0,6,0,4,6,0,0,0,0,4,2,0,4,2,2,2,0,2,0,8,6,2,0,2,0,2,0,0,0,4,0,2,4,0,0,2,4,2,2,6,0,4,4,2,0,10,2,2,6,2,4,0,2,4,0,0,0,0,2,0,2,2,2,2,2,0,0,4,0,0,2,0,0,2,6,6,2,2,0,0,0,8,6,4,6,2,6,2,0,4,0,2,0,0,6,4,4,0,0,0,4,2,0,6,2,0,0,2,4,6,0,0,2,0,2,6,6,0,2,2,2,2,0,6,0,2,2,0,2,4,4,6,2,0,0,2,4,4,0,2,2,0,-,4,0,0,0,0,2,0,2,2,0,2,0,0,2,2,2,4,6,0,2,6,0,0,2,2,0,2,0,2,2,6,0,0,0,2,2,2,2,0,0,2,0,2,0,2,0,2,2,2,0
151,0,0,2,2,2,4,6,2,0,2,0,2,2,4,2,0,2,2,4,2,0,2,4,2,0,0,2,2,6,0,2,0,2,0,0,0,2,2,2,2,0,4,0,0,4,2,0,2,0,0,2,0,0,2,0,2,2,0,0,4,2,0,2,0,2,2,2,2,0,0,2,4,0,0,2,0,0,2,4,2,4,2,2,4,2,2,2,2,2,4,0,0,0,2,0,0,4,2,0,0,0,0,2,4,0,0,2,2,2,2,2,0,0,0,2,2,2,0,2,2,4,0,2,2,2,2,2,2,2,0,2,0,4,0,2,0,2,2,6,4,0,2,2,0,2,0,2,2,0,4,-,2,0,2,0,0,4,2,2,0,2,2,0,2,0,0,0,2,2,0,4,0,0,2,0,0,0,0,4,2,4,0,0,2,4,2,0,2,0,0,0,2,0,2,4,0,2,6,0,0
152,0,0,0,0,0,0,4,0,2,2,0,0,2,2,2,0,0,0,2,0,2,2,0,0,2,2,0,0,0,2,0,0,0,2,2,0,0,0,2,0,2,0,0,0,2,2,0,0,4,4,4,0,0,0,0,0,4,2,0,0,0,0,2,0,6,0,0,2,0,2,0,2,0,0,0,0,2,4,2,4,8,0,4,2,2,0,0,2,0,0,0,0,4,4,0,4,0,2,2,2,0,0,2,4,0,0,0,0,0,0,2,0,4,0,6,0,2,0,0,2,0,0,0,0,0,0,2,0,0,0,0,0,0,2,0,0,0,0,0,2,6,2,4,0,2,0,2,2,2,0,2,-,2,2,4,0,2,2,6,0,2,2,2,0,2,2,0,2,2,0,4,0,0,0,2,0,0,0,0,2,0,0,0,2,0,2,2,0,0,0,0,8,0,0,0,2,0,0,0,0
153,0,2,2,0,6,0,2,2,0,2,4,0,4,6,2,0,0,2,2,2,0,2,4,0,0,2,0,0,2,4,0,2,0,0,4,2,0,0,4,2,2,0,2,0,0,2,0,0,0,4,4,2,0,2,2,0,0,0,0,0,2,4,0,0,4,0,2,0,0,0,0,2,2,2,0,2,2,0,0,0,0,2,0,0,0,2,0,0,2,2,2,0,0,0,4,2,0,0,0,2,2,0,0,2,0,2,2,0,2,0,6,6,2,0,0,0,0,4,2,2,2,0,4,2,0,0,2,0,2,0,0,2,0,0,0,0,0,2,0,0,0,0,2,0,0,0,0,0,0,0,0,2,-,2,0,0,0,4,0,0,0,0,4,0,0,0,0,0,2,2,0,0,0,0,0,0,0,0,4,4,0,0,0,2,2,0,0,2,0,0,0,0,0,4,0,4,0,4,0,0
154,0,4,2,0,0,2,4,4,0,0,2,2,2,0,0,0,0,2,2,2,2,4,2,0,0,0,0,0,2,0,4,0,2,0,0,0,4,4,0,2,0,0,2,0,4,0,0,0,2,4,0,2,0,6,2,4,0,4,0,2,0,2,2,0,4,0,0,2,4,0,2,0,2,0,2,2,0,0,4,2,0,4,0,0,2,0,2,6,0,0,0,2,2,2,0,0,0,0,2,0,2,2,0,0,4,2,2,2,0,2,6,2,2,0,0,0,0,4,2,4,4,4,2,0,2,2,2,2,2,2,0,2,2,2,2,6,2,0,8,2,2,2,4,2,0,2,0,2,4,0,2,2,2,-,0,2,2,0,6,2,2,2,0,4,2,0,2,4,2,4,0,0,0,0,2,2,0,0,10,0,0,2,0,2,0,2,2,6,0,2,0,2,2,0,2,4,0,2,0,2
155,2,2,2,0,2,0,2,0,0,2,0,2,6,4,0,0,0,0,4,2,0,2,2,0,4,4,2,0,2,0,0,4,0,0,0,6,6,0,0,2,4,2,2,0,2,4,2,4,2,2,2,8,0,0,0,2,2,2,0,0,0,2,2,0,0,2,2,0,0,4,2,4,0,0,0,0,2,2,0,4,0,0,2,2,4,4,2,4,0,2,4,0,4,2,2,4,4,0,0,2,2,2,0,0,0,0,4,2,4,4,4,2,4,2,4,4,4,0,0,4,6,0,2,8,4,0,2,4,2,0,4,2,0,0,0,2,4,2,2,0,6,0,2,6,0,4,4,2,2,0,0,4,0,0,-,0,2,0,2,0,0,0,4,0,0,4,0,2,2,0,2,0,4,0,4,2,0,2,0,0,2,2,2,2,4,0,2,2,0,0,2,2,0,2,6,2,2,4,4,0
156,0,4,0,2,0,2,0,2,0,0,0,4,0,0,0,2,0,2,0,0,0,4,0,0,0,0,4,2,4,6,0,0,4,2,0,0,2,4,0,2,0,0,2,0,4,2,2,4,0,2,0,0,4,6,0,6,0,0,0,6,2,2,0,4,0,0,2,0,0,4,0,0,4,2,2,0,0,2,4,2,0,0,2,2,2,0,0,0,0,2,0,0,0,2,2,2,2,4,0,0,2,2,2,2,0,0,2,2,0,0,0,0,0,0,4,2,0,0,0,0,4,0,2,4,0,2,0,2,2,0,0,0,0,0,0,2,2,0,4,0,2,2,0,2,2,0,0,0,2,2,0,0,0,2,0,-,0,0,0,0,0,2,0,2,0,2,0,0,4,2,0,0,2,2,2,0,0,0,0,0,2,2,0,0,4,0,4,2,0,2,2,2,2,0,0,0,0,4,0,2
157,0,2,2,2,2,0,2,2,0,0,0,4,0,0,2,2,4,2,2,0,4,4,0,0,0,2,4,6,2,2,4,2,2,0,2,0,4,4,4,6,2,6,0,2,0,0,4,0,2,2,0,0,4,2,0,0,4,0,6,2,2,2,0,6,2,0,4,0,0,0,4,2,0,2,2,6,0,0,0,0,0,2,2,4,0,2,0,0,2,4,0,2,6,4,4,4,0,2,4,4,0,8,0,0,2,0,4,2,2,0,2,2,4,4,2,0,2,0,2,2,2,0,0,0,0,2,2,4,2,4,2,0,2,0,4,0,0,0,0,2,0,2,0,2,4,0,2,0,4,0,4,2,0,2,2,0,-,4,2,0,2,2,2,2,0,2,4,0,4,0,0,2,2,2,2,6,0,2,8,2,4,0,0,8,2,0,0,2,0,4,0,0,2,0,0,4,2,4,4,0
158,0,4,2,2,0,0,2,4,0,0,4,6,0,2,4,6,2,0,2,0,0,2,0,2,0,2,8,4,2,2,6,0,2,0,0,0,4,2,2,6,4,0,0,2,2,2,0,0,0,6,4,4,0,2,0,0,4,0,4,4,2,2,0,2,0,0,2,4,0,2,2,0,0,4,0,2,0,4,6,0,4,2,2,4,4,0,2,2,4,2,0,0,2,2,2,4,6,6,2,2,2,0,4,0,2,4,4,2,2,0,4,4,0,2,0,0,4,0,2,4,0,0,0,4,2,0,2,0,0,2,2,4,2,2,2,0,0,2,0,2,4,0,4,6,2,2,2,0,4,2,2,2,4,0,0,0,4,-,0,0,4,6,0,0,4,0,2,8,2,2,0,2,2,4,4,0,2,2,0,4,2,4,2,2,4,2,0,2,2,0,4,0,0,2,2,4,2,2,0,4
159,0,2,0,0,0,0,0,0,0,0,2,4,2,4,2,0,4,2,2,2,2,6,2,0,0,0,0,0,2,0,4,0,0,0,0,2,0,4,0,2,4,4,2,2,6,0,0,0,0,2,0,2,0,2,0,0,0,4,2,2,0,0,4,0,0,2,0,0,0,2,0,0,2,0,0,4,2,4,0,6,0,8,2,0,0,2,0,0,4,0,0,2,2,2,0,0,4,0,4,0,2,8,2,2,2,0,0,4,0,2,2,0,4,0,0,2,0,0,4,2,0,0,2,2,0,0,0,2,2,4,2,2,2,0,2,6,0,2,2,0,2,2,2,2,0,0,0,2,0,2,2,6,0,6,2,0,2,0,-,0,0,0,0,0,0,2,4,2,2,0,4,0,0,0,2,2,0,0,0,2,2,0,0,0,2,4,4,4,2,4,0,4,0,0,0,0,4,0,2,0
160,0,0,2,0,0,2,0,2,0,0,0,2,2,0,2,4,4,4,2,0,0,0,2,2,2,0,0,2,0,0,2,0,0,6,0,2,0,0,0,0,0,0,0,4,4,0,2,2,4,0,0,0,0,0,0,2,4,4,0,0,2,0,0,2,0,2,2,0,0,0,0,0,4,2,2,0,0,2,6,0,4,6,0,0,2,0,0,0,0,2,0,0,0,4,0,0,4,0,0,2,2,0,0,0,2,2,0,2,0,0,0,0,0,0,0,0,0,0,0,0,0,0,2,0,0,4,0,0,2,2,0,0,2,0,4,0,0,0,0,0,2,2,2,0,0,0,0,2,0,0,0,0,0,2,0,0,0,0,0,-,4,0,0,2,0,0,4,2,2,0,0,2,0,0,0,0,0,0,2,0,2,0,0,0,0,2,2,0,2,0,0,0,0,0,4,2,4,0,0,0
161,2,0,0,4,2,0,2,0,0,0,4,2,2,0,6,2,4,0,2,4,4,2,2,2,0,6,2,4,0,0,4,4,0,4,0,2,2,2,4,0,0,0,2,4,4,0,2,0,4,4,0,2,2,0,2,0,4,0,4,0,0,0,0,4,2,0,0,0,0,2,0,0,0,0,2,2,2,2,2,2,2,4,12,4,0,0,0,0,0,2,2,4,4,0,2,2,2,2,2,6,2,2,0,2,0,2,0,4,2,2,4,2,4,8,2,4,0,0,0,2,2,0,2,0,4,6,2,0,10,2,4,0,2,6,4,4,0,0,2,0,4,0,0,2,2,0,0,0,4,2,2,2,0,2,0,0,2,4,0,4,-,0,0,2,4,2,2,6,0,0,0,0,4,0,0,4,6,0,6,0,2,2,2,2,4,0,0,0,2,0,0,0,2,0,0,2,0,4,0,2
162,2,0,0,2,2,2,0,0,0,2,2,0,0,4,4,2,2,4,0,4,0,0,2,2,0,0,6,2,0,2,2,0,2,0,2,2,0,2,2,2,2,2,2,0,4,0,0,2,0,2,2,0,2,2,2,2,0,0,2,2,0,0,0,0,0,2,0,0,2,0,2,2,0,4,0,0,2,2,4,0,2,2,4,2,2,2,0,4,2,0,0,0,2,0,0,2,0,0,4,2,2,0,0,0,0,4,4,2,2,0,0,0,0,0,0,2,0,2,4,2,0,0,2,0,0,2,0,0,0,0,0,2,4,0,2,2,2,0,2,0,2,2,2,4,2,6,6,0,0,0,2,2,0,2,0,2,2,6,0,0,0,-,2,0,2,0,0,2,0,4,0,0,0,2,0,0,0,2,4,2,2,2,4,4,2,0,0,2,0,0,2,0,2,4,0,0,2,2,0,2
163,2,0,2,0,0,0,0,0,4,2,2,0,6,0,0,0,0,0,2,0,0,0,2,0,0,0,2,0,2,0,0,0,2,0,0,2,2,0,0,2,0,0,6,2,0,0,0,0,0,2,2,0,4,0,2,2,2,0,0,2,2,2,0,2,0,4,0,2,0,2,2,0,2,0,0,2,0,2,0,0,2,0,4,2,2,2,0,6,2,2,0,0,0,0,2,0,2,0,0,0,0,0,0,2,4,4,4,0,2,0,0,0,2,0,0,0,2,0,2,0,0,4,0,2,0,0,0,0,2,0,2,0,0,0,2,0,2,0,2,0,0,0,2,2,2,0,2,0,2,0,0,2,4,0,4,0,2,0,0,0,0,2,-,0,4,0,0,0,2,4,2,2,0,0,2,2,2,2,0,0,4,0,0,0,0,0,0,0,0,0,0,2,0,2,0,4,2,2,2,0
164,4,0,0,4,0,0,2,0,2,0,0,0,2,2,0,0,4,0,2,0,0,2,6,4,0,0,2,2,0,0,2,2,2,0,0,2,0,2,2,0,2,2,0,0,0,4,0,2,2,2,0,0,0,0,0,2,0,2,2,0,2,0,0,6,2,2,0,4,2,2,0,0,2,2,2,0,0,0,2,0,4,0,0,0,4,0,0,2,0,0,0,2,0,0,2,2,0,0,0,0,2,2,2,2,2,2,0,2,0,4,0,0,0,0,0,0,2,2,0,0,2,4,2,0,6,6,2,0,6,2,0,2,0,0,0,0,4,0,0,2,2,0,2,0,0,0,4,0,2,2,2,0,0,4,0,2,2,0,0,2,2,0,0,-,2,0,0,0,2,2,0,2,0,2,2,2,0,0,2,2,0,2,0,2,2,0,0,0,2,0,4,2,4,0,2,6,0,4,0,0
165,2,0,0,4,6,0,0,0,2,0,2,0,4,4,0,2,2,0,4,4,4,2,2,2,2,2,0,0,0,2,2,0,4,2,0,0,6,0,0,2,2,2,2,0,0,0,2,0,0,2,4,0,2,0,0,2,4,0,4,2,2,2,2,2,0,0,0,2,0,0,2,2,0,0,0,2,0,0,4,2,0,0,2,2,4,0,4,0,4,0,2,0,4,2,2,2,4,4,0,2,2,0,4,2,0,4,0,2,0,2,4,0,0,2,2,0,2,0,2,2,0,0,2,0,4,0,2,2,2,4,6,0,2,0,0,0,2,0,0,2,4,0,2,2,0,0,0,0,8,2,0,2,0,2,0,0,0,4,0,0,4,2,4,2,-,2,2,2,0,0,4,2,0,4,0,0,0,2,2,2,4,4,0,2,8,2,2,2,0,4,0,0,2,0,2,4,0,2,0,0
166,4,0,0,4,2,0,2,2,0,2,0,0,0,2,2,0,0,2,0,6,2,2,0,0,2,0,0,0,2,0,2,0,2,2,0,4,2,0,0,2,4,2,0,2,2,2,4,0,0,2,0,2,0,0,0,0,2,6,0,2,0,0,2,0,2,4,0,2,2,0,0,0,0,0,0,2,0,4,2,4,0,2,0,0,2,0,0,0,2,0,2,0,0,2,0,0,0,2,2,4,4,2,0,0,0,0,0,0,2,0,2,0,2,2,2,2,0,4,2,2,2,0,0,2,2,0,2,4,0,2,0,0,0,0,0,4,0,2,0,0,0,0,2,0,0,0,0,0,2,2,0,2,0,0,4,2,2,0,2,0,2,0,0,0,2,-,2,2,2,0,2,0,2,4,0,0,4,4,0,2,0,2,0,6,0,0,4,2,2,4,0,8,0,2,2,0,0,0,0,2
167,2,0,4,2,0,2,4,2,2,2,0,6,2,2,2,2,6,2,0,4,2,4,2,0,0,0,0,2,0,0,2,0,0,2,0,0,0,0,0,2,0,0,0,0,0,2,6,0,0,4,4,2,0,0,0,2,2,4,2,0,0,0,0,0,2,0,2,0,2,4,0,0,0,2,0,0,0,0,2,2,2,4,6,0,2,2,0,2,2,0,2,2,6,0,4,0,0,8,2,2,0,2,2,0,2,0,0,0,0,2,0,2,0,2,0,0,2,0,2,4,0,0,0,2,0,0,0,0,0,2,2,2,2,2,2,2,0,2,2,2,4,6,2,0,6,4,6,0,4,4,0,0,0,2,0,0,4,2,4,4,2,0,0,0,2,2,-,2,0,0,0,0,2,2,2,2,0,0,0,2,0,2,0,0,4,0,6,0,6,2,2,0,0,0,2,0,6,2,0,0
168,2,0,4,2,2,6,2,4,2,0,2,4,0,4,4,4,2,0,2,2,2,2,4,0,0,2,2,4,2,0,2,0,4,4,0,2,0,4,0,0,6,0,2,0,2,2,0,0,4,0,2,2,0,0,0,2,2,2,2,0,6,0,2,0,2,0,0,2,0,2,0,2,0,4,0,0,0,2,2,4,2,2,2,0,4,4,0,2,0,2,2,2,2,0,2,0,4,0,0,0,4,0,0,2,0,2,0,6,0,0,0,2,0,12,0,2,0,0,0,4,0,0,2,0,4,2,0,2,6,2,0,2,2,2,0,2,6,0,4,0,2,0,0,0,0,0,2,0,4,6,2,2,0,4,2,0,0,8,2,2,6,2,0,0,2,2,2,-,0,2,2,2,2,0,0,0,6,0,0,0,4,0,2,4,0,4,0,0,2,2,0,0,2,0,0,0,0,4,2,0
169,0,0,2,2,2,0,0,0,4,2,0,0,6,2,2,0,0,0,2,0,4,4,6,0,2,4,2,0,0,2,0,2,2,0,0,0,2,0,2,2,2,4,0,4,2,0,0,2,0,6,2,0,2,2,2,0,0,0,2,0,2,4,2,2,6,2,0,0,0,0,0,0,2,0,4,2,4,4,4,0,6,2,0,0,0,0,0,0,2,0,2,4,0,0,2,2,0,2,0,6,2,2,0,0,4,4,4,6,2,0,6,0,2,0,2,0,4,0,0,4,2,4,2,4,0,0,2,4,0,2,0,2,4,2,0,0,4,0,0,2,6,2,0,2,0,4,0,0,2,0,2,2,2,2,2,4,4,2,2,2,0,0,2,2,0,2,0,0,-,0,2,0,4,0,4,0,2,0,0,2,4,2,0,2,4,0,0,6,0,0,2,0,0,0,2,2,4,0,0,0
170,0,0,2,0,0,0,4,0,0,0,0,2,0,4,2,4,0,0,4,0,0,0,2,0,0,4,2,4,0,0,2,0,2,0,0,2,4,2,0,2,2,2,2,2,8,0,2,2,0,0,2,0,4,4,2,2,0,0,0,2,4,0,0,2,0,0,0,0,4,0,0,0,2,2,4,0,2,0,4,2,2,4,2,4,0,0,0,0,2,6,2,0,0,2,0,0,2,4,6,2,2,2,0,2,4,0,0,0,0,2,2,2,2,2,0,0,2,0,2,0,0,0,0,2,2,0,0,4,2,4,0,0,4,0,0,4,2,2,0,2,2,2,0,2,0,2,4,2,2,2,0,0,2,4,0,2,0,2,0,0,0,4,4,2,0,0,0,2,0,-,0,2,0,2,0,2,2,2,2,2,2,2,0,0,2,2,0,6,0,2,2,0,2,0,0,0,2,4,2,4
171,2,0,0,0,2,2,0,0,2,0,0,0,0,0,2,2,0,0,0,2,0,2,2,0,0,0,2,4,6,2,2,2,0,2,0,2,2,2,0,2,2,0,2,2,2,2,2,2,0,2,0,0,4,0,0,2,2,2,0,0,0,0,0,0,0,4,0,2,4,4,4,4,0,2,2,0,2,2,0,2,4,0,2,2,4,0,0,0,2,0,8,0,0,0,2,0,4,0,0,4,4,0,4,2,0,4,2,4,0,2,2,2,2,0,2,0,2,2,2,2,0,2,2,0,2,0,2,0,2,4,2,0,4,2,0,0,0,0,6,2,2,2,4,2,4,2,2,2,4,6,4,4,0,0,2,0,0,0,4,0,0,0,2,0,4,2,0,2,2,0,-,0,2,0,0,2,0,6,2,0,4,0,0,2,4,0,4,6,2,2,6,2,2,2,2,2,0,4,2,2
172,0,0,0,0,0,0,4,2,2,0,2,0,4,0,0,4,2,0,2,2,0,0,4,2,2,6,2,0,0,0,2,4,2,2,0,2,2,0,0,2,2,0,2,0,0,4,2,2,2,0,0,0,0,2,0,0,0,0,0,6,6,4,0,2,0,0,2,2,2,0,4,2,4,0,4,0,2,0,0,0,4,0,4,2,2,0,0,0,4,8,2,0,2,0,0,2,0,2,0,0,2,4,6,0,2,4,0,6,0,0,2,0,0,2,4,0,4,0,4,2,2,2,2,0,4,0,4,2,0,2,0,4,4,0,0,2,2,2,6,0,0,2,0,0,4,0,2,4,0,0,0,0,0,0,0,0,2,2,0,2,0,0,2,2,2,0,0,2,0,2,0,-,2,0,0,2,2,2,0,2,4,2,0,4,0,0,2,2,0,2,0,0,0,2,2,4,2,2,0,2
173,2,2,0,2,2,0,0,0,2,0,2,0,6,4,0,2,4,0,0,2,0,4,4,2,4,6,0,2,2,0,2,2,2,0,0,0,2,0,0,2,0,0,2,0,0,0,0,2,0,0,0,0,0,0,0,0,4,2,0,4,2,2,0,4,10,4,2,0,2,0,0,6,2,0,0,0,0,2,2,2,2,2,4,4,0,2,0,0,6,2,0,2,0,0,2,0,6,0,0,0,4,4,0,2,0,0,4,2,2,0,2,2,2,6,4,0,2,6,4,0,2,2,0,2,2,0,0,2,2,4,2,2,2,0,0,2,4,0,4,2,4,0,0,2,4,2,4,0,4,0,0,0,0,0,4,2,2,2,0,0,4,0,0,0,0,2,2,2,4,0,2,2,-,4,2,2,6,0,2,0,4,0,2,0,2,0,2,2,0,0,0,2,2,0,2,0,0,2,0,4
174,0,0,4,0,0,2,2,0,2,0,0,0,0,0,0,0,2,0,0,0,0,0,2,0,0,0,2,4,0,2,0,0,2,2,0,0,2,8,2,2,0,0,2,2,2,2,0,2,0,0,0,2,0,0,2,2,2,0,2,2,2,0,2,2,4,0,2,0,2,0,0,0,0,2,2,0,2,2,2,2,4,0,0,4,0,0,2,0,0,6,2,2,2,0,0,0,0,2,6,0,0,2,0,2,0,4,2,0,2,0,2,0,0,2,0,4,4,2,0,6,2,0,2,0,0,0,0,2,2,2,2,0,0,0,0,2,2,4,0,2,0,0,4,0,0,0,2,0,0,2,2,0,0,0,0,2,2,4,0,0,0,2,0,2,4,4,2,0,0,2,0,0,4,-,2,2,2,0,2,4,0,2,0,0,0,0,2,0,2,2,4,6,2,2,4,0,0,0,0,2
175,0,0,0,2,0,2,2,0,2,4,0,2,6,4,0,2,0,2,0,2,0,4,2,2,0,2,0,2,0,0,2,0,0,0,0,0,0,0,2,0,2,2,0,4,4,0,2,0,4,2,0,4,2,4,0,0,0,0,4,0,2,4,0,2,0,2,2,2,0,0,2,2,4,0,0,0,2,0,0,2,2,2,2,4,2,0,0,2,0,2,2,0,0,0,4,2,0,0,2,0,4,2,0,0,2,2,2,2,2,0,0,2,4,0,0,0,4,0,0,2,0,4,4,2,2,0,0,0,0,2,0,0,0,0,4,2,0,0,4,4,6,2,0,2,2,4,2,2,2,2,0,2,0,2,4,2,2,4,2,0,0,0,2,2,0,0,2,0,4,0,0,0,2,2,-,0,0,2,0,2,2,4,0,2,0,2,2,0,0,0,2,2,2,6,2,2,4,0,2,0
176,0,2,4,0,0,2,2,4,0,0,0,0,2,2,2,2,4,0,0,0,0,4,0,0,0,2,2,2,0,0,2,2,2,0,0,0,2,6,4,2,4,2,4,2,0,0,0,2,0,6,2,2,2,2,4,4,0,4,2,0,0,0,4,2,2,0,2,2,0,0,0,0,2,4,0,0,6,0,0,0,6,4,0,2,4,2,0,2,2,2,4,6,4,8,0,2,0,0,2,2,2,6,0,2,0,0,6,2,0,0,4,0,2,6,2,0,0,2,4,4,2,2,0,2,2,0,4,2,2,0,2,2,0,0,4,2,2,0,2,0,2,2,2,0,2,2,0,0,2,0,0,0,0,2,2,0,6,0,2,0,4,0,2,2,0,0,2,0,0,2,2,2,2,2,0,-,10,2,0,2,0,0,0,0,0,0,6,2,0,2,4,0,0,2,0,2,4,4,0,0
177,0,2,4,0,0,0,2,2,0,2,2,0,2,2,0,0,0,0,0,0,0,0,4,0,2,2,0,2,0,0,2,2,0,0,2,2,2,4,2,0,2,0,2,2,0,0,0,0,2,2,0,0,0,4,2,0,0,6,0,2,8,0,2,2,4,2,2,0,0,0,4,4,0,4,4,0,2,2,0,2,6,2,4,6,4,0,0,0,0,4,0,2,0,0,4,0,2,0,2,2,2,0,2,4,6,2,2,0,2,0,0,2,2,6,2,2,0,4,4,0,0,4,0,4,6,0,2,0,4,2,0,0,0,2,2,4,2,2,0,0,2,0,2,0,4,2,4,0,4,2,0,0,0,0,0,0,0,2,0,0,6,0,2,0,0,4,0,6,2,2,0,2,6,2,0,10,-,0,0,2,2,0,0,2,0,2,0,2,0,0,4,2,0,2,2,2,2,0,0,0
178,0,0,0,0,2,4,0,0,4,6,2,2,0,2,0,0,0,0,0,2,4,4,0,4,2,2,4,0,4,0,4,2,0,0,0,0,2,2,2,4,2,0,0,4,4,0,2,2,0,0,4,2,2,0,4,0,2,0,0,0,2,0,2,2,2,0,0,0,0,0,0,2,0,2,4,0,0,2,0,0,2,0,0,0,0,0,0,0,0,2,0,0,2,2,0,0,4,2,0,0,2,8,2,0,0,2,0,6,0,0,4,2,0,2,0,0,4,4,0,0,2,0,0,0,0,4,0,0,0,2,0,4,2,0,0,0,2,0,2,2,0,0,0,4,2,2,2,0,2,0,0,0,0,0,2,0,2,2,0,0,0,2,2,0,2,4,0,0,0,2,6,2,0,0,2,2,0,-,2,0,4,2,2,2,0,2,0,6,0,2,0,2,4,0,0,2,4,4,0,2
179,0,2,0,4,10,2,4,2,4,0,0,0,4,2,4,0,0,0,0,0,2,2,0,2,0,2,4,0,2,2,0,2,4,0,4,2,2,4,2,4,2,2,0,2,4,2,4,0,4,4,2,0,2,2,2,2,4,2,2,2,0,0,0,4,2,4,2,0,0,0,0,0,0,2,0,2,2,4,2,0,0,2,0,2,4,0,2,2,2,2,0,0,0,2,4,0,0,0,4,2,4,2,0,2,0,2,0,0,4,4,6,2,4,0,0,0,2,2,0,2,2,2,0,2,2,6,0,2,0,0,0,2,4,4,4,2,2,0,2,2,0,0,0,2,2,0,4,4,6,2,4,0,4,10,0,0,8,0,0,2,6,4,0,2,2,0,0,0,0,2,2,0,2,2,0,0,0,2,-,4,0,0,0,2,0,0,2,2,0,0,0,0,6,2,2,0,2,8,2,0
180,2,4,2,0,4,0,0,2,2,0,0,0,4,4,0,0,2,4,2,0,0,0,2,0,0,2,0,0,0,2,0,0,0,0,2,0,4,0,0,2,4,0,0,0,0,2,2,2,8,2,2,0,0,0,2,0,4,0,0,0,0,0,2,2,0,0,2,0,0,4,2,4,2,0,2,0,2,4,4,2,2,4,2,4,2,0,0,0,0,0,0,0,4,2,0,2,2,4,2,0,0,0,2,4,4,0,0,2,10,0,6,2,4,0,4,2,0,0,0,2,2,0,0,0,0,0,0,0,0,4,2,0,0,0,2,2,0,4,0,6,0,0,0,0,0,6,0,0,2,2,2,2,4,0,0,0,2,4,2,0,0,2,0,2,2,2,2,0,2,2,0,2,0,4,2,2,2,0,4,-,6,2,0,0,0,2,4,2,4,2,0,2,0,0,4,0,6,2,0,0
181,0,0,4,0,2,2,0,2,2,2,0,2,8,0,0,2,2,0,2,0,2,0,2,2,4,0,0,6,2,4,0,0,0,2,0,4,0,0,2,6,2,4,0,4,0,6,2,0,6,4,4,2,0,4,2,4,2,0,2,0,0,0,0,2,0,0,2,0,0,0,4,4,0,2,8,4,4,4,2,0,2,4,0,0,2,0,2,0,2,4,0,4,4,0,10,4,2,0,2,2,0,2,6,6,0,2,2,6,0,4,6,0,4,2,0,2,0,2,4,2,0,4,4,2,0,2,4,0,0,2,4,2,4,0,0,4,0,2,8,0,0,0,0,0,4,0,0,0,2,6,4,0,0,0,2,2,4,2,2,2,2,2,4,0,4,0,0,4,4,2,4,4,4,0,2,0,2,4,0,6,-,4,2,0,4,2,2,2,0,2,4,0,0,0,2,0,2,4,2,2
182,0,0,0,2,0,0,0,0,0,0,0,0,2,0,0,0,0,0,0,2,0,0,0,0,0,0,4,2,2,2,0,0,0,4,0,4,0,2,0,0,0,0,0,0,2,0,0,0,2,2,4,2,0,4,0,2,4,0,0,2,6,4,0,0,2,0,0,0,4,0,2,0,0,2,2,0,0,2,2,2,0,2,0,2,2,2,4,6,2,2,0,0,0,0,4,2,2,2,0,2,2,4,4,2,4,2,0,0,0,0,2,0,0,0,4,0,2,2,0,2,0,0,0,0,2,0,2,0,2,0,2,0,0,2,0,2,2,4,0,0,0,0,0,4,0,4,2,0,2,0,0,0,0,2,2,2,0,4,0,0,2,2,0,2,4,2,2,0,2,2,0,2,0,2,4,0,0,2,0,2,4,-,0,0,4,0,0,0,2,4,4,4,2,2,2,2,0,0,0,4
183,0,0,2,0,0,0,0,0,0,4,4,0,0,2,2,0,2,0,0,0,2,2,2,0,2,4,0,0,2,0,0,0,0,2,4,4,0,0,2,0,0,0,0,0,0,0,2,0,0,2,0,2,2,2,0,2,0,0,2,0,0,0,0,0,0,0,2,0,2,0,0,2,0,0,0,4,2,2,4,2,2,0,0,0,0,4,0,0,0,2,2,0,2,0,0,2,2,0,2,2,2,0,0,4,0,0,4,2,0,0,0,0,0,0,0,0,0,0,2,2,0,0,2,2,2,0,2,2,2,0,0,0,2,0,0,0,2,0,4,2,2,2,2,0,0,0,0,0,2,0,0,0,0,0,2,0,0,2,0,0,2,4,0,0,0,0,0,2,0,0,0,0,2,0,0,0,0,2,0,0,2,0,-,0,0,2,2,0,0,0,2,0,0,0,2,2,0,0,0,0
184,0,0,8,2,4,0,4,0,2,2,4,0,6,0,6,6,4,0,0,4,2,2,0,2,0,0,4,4,0,2,2,0,2,2,4,0,4,0,2,0,2,4,0,0,0,0,2,0,0,0,0,0,2,0,2,2,0,0,4,0,0,0,0,4,4,0,0,0,2,0,2,4,2,0,2,4,2,0,0,0,0,4,2,2,0,2,0,2,0,0,0,0,0,0,2,6,0,4,2,4,4,0,2,0,0,2,2,2,2,2,0,2,6,2,8,4,0,4,2,2,2,0,0,0,0,0,0,4,8,2,0,0,2,0,2,0,2,0,2,0,4,2,0,0,2,4,0,2,4,0,2,2,2,2,2,0,8,2,0,0,2,4,0,2,2,6,0,4,2,0,2,4,0,0,2,0,2,2,2,0,0,0,0,-,0,0,0,2,2,4,2,0,2,2,0,6,2,4,2,0
185,0,2,0,0,10,0,2,2,2,2,0,4,4,2,0,0,2,0,2,0,2,0,0,0,2,0,2,2,0,2,2,2,4,0,0,2,2,2,2,2,0,2,0,0,2,2,2,0,0,2,0,2,2,2,0,2,2,0,2,2,2,0,0,4,6,0,0,2,2,2,2,4,0,0,2,2,2,4,0,0,2,0,2,0,2,2,0,0,0,2,0,0,2,0,0,0,4,0,2,4,2,4,4,0,0,0,6,2,2,2,4,0,0,0,0,2,0,0,0,0,0,0,6,2,4,0,4,4,2,0,2,0,6,0,0,2,0,0,0,4,0,4,2,2,2,4,2,0,6,2,4,0,2,0,4,4,2,4,2,0,4,2,0,2,8,0,4,0,4,2,4,0,2,0,0,0,0,0,0,0,4,4,0,0,-,2,0,0,4,2,0,0,0,0,4,4,2,0,2,0
186,0,0,0,0,0,2,2,0,2,2,0,2,2,2,0,0,0,0,2,0,2,2,0,0,0,0,2,4,2,0,2,0,0,0,0,0,2,0,2,0,0,2,0,0,4,0,2,0,4,2,0,0,2,0,0,0,2,0,0,0,6,0,2,0,0,0,0,2,0,2,0,2,0,2,4,6,0,2,0,0,6,0,0,2,0,2,2,0,2,0,0,0,0,2,0,0,0,0,0,0,0,2,0,0,2,2,2,4,0,0,2,2,0,2,2,0,0,0,0,4,2,2,0,0,0,0,0,0,0,2,0,2,0,0,0,2,0,2,0,2,0,0,0,2,0,0,2,2,2,2,2,2,0,2,0,0,0,2,4,2,0,0,0,0,2,0,0,4,0,2,0,0,0,0,2,0,2,2,0,2,2,0,2,0,2,-,0,0,0,0,0,0,0,0,0,0,0,2,0,0
187,4,2,4,4,0,2,2,0,2,2,0,2,6,2,0,4,2,2,0,4,0,0,2,0,4,2,0,2,2,0,0,0,0,2,2,2,0,0,6,0,2,0,0,0,0,6,4,0,0,2,0,4,2,0,0,6,0,2,0,4,0,0,2,0,0,0,0,4,2,0,0,0,8,2,2,2,6,0,0,0,0,4,2,0,2,4,0,2,2,0,2,0,2,6,2,0,2,2,0,4,2,0,0,0,6,0,2,4,0,4,4,0,0,2,4,0,2,2,0,0,4,4,0,0,4,0,4,4,0,0,0,2,2,0,0,4,2,4,0,2,2,4,2,2,6,0,0,2,2,2,0,2,0,2,2,4,0,0,4,2,0,0,0,0,2,4,6,0,0,0,4,2,2,2,2,6,0,0,2,4,2,0,2,0,0,0,-,2,2,0,2,0,0,2,0,2,2,4,0,4
188,4,0,4,0,2,2,2,2,2,2,2,2,0,0,0,0,4,0,0,4,0,4,0,0,4,2,2,2,4,2,2,4,0,0,2,0,12,6,4,6,0,0,0,2,2,2,2,2,4,2,0,2,4,2,2,2,0,0,0,0,0,2,2,6,4,0,0,2,6,0,2,2,4,0,0,4,2,0,0,0,0,0,4,4,2,0,2,0,2,4,2,4,0,8,0,0,0,0,2,2,10,6,2,2,2,2,8,4,0,0,0,6,2,0,2,6,2,4,2,0,4,0,6,4,2,0,0,2,0,0,4,2,4,0,0,0,2,2,2,0,4,2,0,2,0,0,0,0,2,2,2,0,2,6,2,2,2,2,4,0,0,2,0,0,2,2,0,0,6,6,6,2,2,0,0,2,2,6,2,2,2,0,0,2,0,0,2,-,0,2,2,0,2,0,0,2,2,4,0,0
189,2,0,0,0,2,4,0,0,0,0,2,0,0,0,0,2,6,0,2,2,2,0,4,0,0,0,0,2,2,0,0,0,0,6,2,2,2,2,0,0,0,0,2,2,0,2,2,2,0,0,4,0,2,0,0,0,0,0,2,0,2,2,0,0,0,0,2,4,0,2,2,0,4,0,2,0,0,0,6,2,0,0,2,0,0,4,0,2,2,0,2,2,0,8,2,0,0,2,2,0,0,0,4,0,2,0,2,2,0,0,0,0,2,0,0,2,0,2,6,0,0,0,4,2,0,2,0,4,0,2,0,4,2,2,2,0,0,0,2,4,2,0,2,2,2,4,0,0,2,0,0,0,0,0,0,0,0,2,2,2,2,0,0,2,0,2,6,2,0,0,2,0,0,2,0,0,0,0,0,4,0,2,0,2,4,0,2,0,-,0,2,0,0,2,2,2,2,2,0,0
190,0,0,2,4,4,0,6,0,0,0,0,0,2,4,0,2,8,0,0,2,6,2,2,0,4,2,6,2,0,2,2,2,0,0,0,2,2,2,2,2,0,0,0,0,0,2,0,2,0,0,0,0,0,0,0,2,0,4,2,4,2,2,2,2,0,0,0,0,2,0,2,2,4,0,0,4,0,2,0,0,0,2,0,0,0,2,6,4,0,2,0,2,2,0,0,4,0,4,0,2,0,4,0,0,2,0,4,4,0,2,2,4,0,0,0,2,0,2,8,2,0,0,2,0,4,0,2,2,2,2,2,4,2,2,0,2,0,2,0,2,0,0,0,0,0,2,4,0,0,0,0,0,0,2,0,2,4,0,4,0,0,0,0,0,4,4,2,2,0,2,2,2,0,2,0,2,0,2,0,2,2,4,0,4,2,0,0,2,0,-,0,6,0,0,0,0,0,2,0,0
191,0,2,6,2,0,2,0,0,0,2,2,4,0,0,0,0,2,2,0,0,0,2,0,2,4,2,2,4,2,0,0,4,4,4,2,2,0,2,2,0,4,0,6,4,2,4,0,0,0,2,6,2,0,4,2,0,2,6,0,6,0,0,0,0,2,0,0,8,2,2,2,4,0,4,0,2,4,0,0,2,6,2,0,4,4,0,2,4,2,2,2,0,0,4,4,0,0,0,2,0,0,4,4,2,4,2,2,6,0,2,0,0,4,6,0,2,0,4,2,2,0,0,2,4,0,0,2,0,2,0,0,2,2,2,0,4,2,0,0,4,2,2,4,4,6,8,2,0,0,2,0,0,0,0,2,2,0,4,0,0,0,2,0,4,0,0,2,0,2,2,6,0,0,4,2,4,4,0,0,0,4,4,2,2,0,0,2,2,2,0,-,4,2,0,0,0,0,2,2,6
192,4,2,2,0,0,0,2,2,0,0,2,4,0,2,2,2,0,0,2,0,6,0,4,0,2,2,2,0,0,2,0,0,4,0,0,2,2,2,0,2,4,0,0,0,4,0,0,0,0,0,0,0,2,0,2,0,4,6,0,2,0,2,2,0,6,2,0,2,0,0,0,0,0,4,2,0,0,2,2,8,4,0,0,0,4,0,0,2,2,0,0,4,2,2,0,0,0,0,6,0,0,2,0,2,0,4,0,0,2,0,4,0,4,0,0,2,2,0,4,2,0,4,0,0,4,0,4,4,4,2,0,0,0,0,2,4,0,4,2,0,0,2,6,0,6,4,2,0,0,0,2,8,0,2,2,2,0,0,4,0,0,0,2,2,0,8,0,0,0,0,2,0,2,6,2,0,2,2,0,2,0,4,0,0,0,0,0,0,0,6,4,-,0,0,6,2,0,2,2,2
193,0,0,0,0,0,2,0,0,0,0,2,0,0,0,2,2,2,4,0,0,0,2,0,2,0,2,2,4,2,0,2,2,0,2,0,0,2,0,2,0,0,0,2,4,2,0,0,2,2,0,2,4,6,0,2,4,0,2,2,2,0,0,0,2,0,4,0,2,0,4,0,0,0,4,0,2,0,2,2,4,0,0,2,0,2,0,0,0,2,0,2,2,0,0,2,0,2,0,0,0,2,2,0,0,0,2,0,0,0,0,0,0,0,2,0,2,0,2,2,0,2,0,0,0,0,0,6,4,2,0,0,0,0,0,0,0,2,2,0,0,2,0,2,6,4,0,0,0,0,2,0,0,0,2,0,2,2,0,0,0,2,2,0,4,2,0,0,2,0,2,2,0,2,2,2,0,0,4,6,0,0,2,0,2,0,0,0,2,0,0,2,0,-,2,2,0,2,4,4,4
194,0,0,2,0,0,0,2,0,0,2,2,0,0,4,0,0,0,0,0,2,2,2,2,0,2,2,2,0,0,0,4,0,2,0,2,0,0,0,2,4,2,2,4,2,0,0,2,0,0,0,2,0,2,0,2,0,0,2,2,0,0,4,0,2,2,0,2,6,2,0,0,2,0,4,2,2,2,2,0,0,4,0,4,0,0,4,2,2,0,0,0,0,0,0,2,2,0,2,0,2,0,0,2,0,2,0,0,2,2,0,2,0,2,0,2,2,4,2,4,0,2,0,4,0,2,0,0,0,2,2,0,0,0,2,4,0,0,0,2,4,2,0,4,4,0,0,0,0,0,0,2,0,4,0,2,0,0,2,0,0,0,4,2,0,0,2,0,0,0,0,2,2,0,2,6,2,2,0,2,0,0,2,0,2,0,0,2,0,2,0,0,0,2,-,2,0,2,0,2,0
195,2,0,0,0,2,0,0,2,0,0,0,0,2,0,0,0,2,2,4,2,0,0,4,2,0,4,2,0,0,0,0,0,0,2,2,0,0,0,0,4,0,4,2,0,0,0,0,0,0,2,0,0,0,6,2,6,4,0,4,4,2,2,4,0,2,6,2,2,0,2,4,2,0,0,0,2,0,2,4,0,0,0,0,0,2,2,2,0,0,2,0,0,0,0,2,0,0,2,0,0,2,0,2,2,2,0,8,2,2,0,6,2,2,0,0,0,4,2,6,2,6,4,2,0,2,0,2,0,4,4,2,0,0,0,0,4,0,4,2,0,2,4,8,2,4,0,4,0,0,2,4,0,0,2,6,0,0,2,0,4,0,0,0,2,2,2,2,0,2,0,2,2,2,4,2,0,2,0,2,4,2,2,2,0,4,0,0,0,2,0,0,6,2,2,-,2,4,0,0,0
196,4,0,0,2,0,0,0,0,2,2,2,2,6,6,6,0,2,2,2,0,0,0,2,2,0,6,0,2,0,2,0,2,4,0,2,2,2,0,4,0,0,0,4,0,2,0,4,0,2,4,0,2,4,2,2,2,2,4,0,2,2,0,0,0,6,0,4,0,0,0,4,0,0,2,2,2,2,0,2,0,0,0,4,0,0,2,0,2,4,2,0,0,2,4,0,0,0,0,0,4,0,2,0,2,4,0,0,0,0,2,2,0,0,0,2,2,2,0,4,0,2,2,2,2,4,0,0,0,2,0,2,2,2,0,4,0,0,0,2,4,0,4,6,2,0,0,0,0,2,0,0,2,4,4,2,0,4,4,0,2,2,0,4,6,4,0,0,0,2,0,2,4,0,0,2,2,2,2,0,0,0,2,2,6,4,0,2,2,2,0,0,2,0,0,2,-,2,4,2,0
197,0,4,2,2,2,4,6,6,8,2,2,2,4,6,0,4,0,0,2,6,2,4,6,2,0,4,2,0,0,0,2,2,0,2,0,0,0,0,4,0,4,0,4,2,2,0,0,2,0,2,4,2,0,2,2,4,2,2,4,0,2,4,2,0,0,2,0,0,0,4,0,2,2,0,0,0,0,0,6,2,0,0,4,0,2,6,0,0,0,0,0,2,2,4,2,0,2,0,2,6,4,6,0,0,2,4,2,2,4,2,0,0,4,0,2,0,0,0,2,6,0,2,0,0,0,4,0,0,4,0,2,0,0,2,4,4,6,2,4,4,2,2,0,4,2,0,2,0,0,2,2,0,0,0,2,0,2,2,4,4,0,2,2,0,0,0,6,0,4,2,0,2,0,0,4,4,2,4,2,6,2,0,0,2,2,0,2,2,2,0,0,0,2,2,4,2,-,4,0,0
198,4,2,2,6,2,2,4,0,0,2,4,2,8,2,12,4,0,2,0,4,0,2,6,0,4,6,2,2,4,4,0,2,0,2,2,2,6,2,0,2,0,4,0,4,0,0,2,4,0,4,2,0,4,2,0,2,0,4,0,6,0,2,0,2,6,2,0,2,0,2,2,2,2,0,4,4,0,0,4,4,4,0,0,2,0,4,4,0,2,10,0,4,0,0,2,0,0,0,2,0,4,4,2,4,2,2,2,6,0,2,2,6,0,0,4,0,2,4,4,0,2,0,2,4,6,4,0,0,2,0,2,4,6,2,4,4,4,2,6,0,2,2,0,2,2,2,0,0,0,2,6,0,4,2,4,4,4,2,0,0,4,2,2,4,2,0,2,4,0,4,4,2,2,0,0,4,0,4,8,2,4,0,0,4,0,2,4,4,2,2,2,2,4,0,0,4,4,-,4,0
199,0,2,0,0,2,0,2,0,0,0,0,2,0,0,4,2,0,2,2,2,2,0,0,0,0,0,0,2,0,0,0,2,0,0,0,0,2,0,2,0,4,0,0,6,0,0,2,0,0,0,0,2,0,2,0,0,0,2,2,2,0,0,0,0,2,0,2,0,0,2,0,2,0,0,2,2,0,2,0,0,0,0,2,0,2,4,0,2,0,0,0,0,0,0,0,0,0,0,2,0,0,0,0,0,0,0,0,0,2,0,0,0,2,0,0,2,4,0,0,0,0,0,4,2,0,0,2,0,2,0,2,0,0,2,2,0,0,0,0,2,2,0,0,8,2,0,2,0,2,2,0,0,0,0,4,0,4,0,2,0,0,0,2,0,0,0,0,2,0,2,2,0,0,0,2,0,0,0,2,0,2,0,0,2,2,0,0,0,0,0,2,2,4,2,0,2,0,4,-,0
200,0,2,0,2,0,0,0,0,0,0,0,2,2,2,0,4,0,2,0,4,0,2,4,0,2,2,2,2,2,2,0,0,2,0,0,2,0,0,0,0,4,0,4,0,4,2,0,0,0,0,6,6,2,0,0,4,2,0,4,0,2,2,2,0,2,0,2,0,0,0,0,0,0,2,0,6,4,0,0,0,2,0,4,0,0,0,0,0,0,0,0,0,0,0,0,2,0,2,0,2,0,4,4,2,4,0,2,2,0,2,2,0,2,4,4,0,0,2,2,2,0,0,0,0,0,2,0,4,0,2,0,2,0,0,0,4,0,2,0,0,0,0,2,0,0,2,0,2,0,0,0,0,0,2,0,2,0,4,0,0,2,2,0,0,0,2,0,0,0,4,2,2,4,2,0,0,0,2,0,0,2,4,0,0,0,0,4,0,0,0,6,2,4,0,0,0,0,0,0,-
